seed,fold_id,t_end,mse,mae,naive_mse,skill,w,label
42,0,730,0.8730558755760369,0.3564228110599078,0.7736175060272217,-0.12853686579491175,0.5,blend_w0.50
42,1,744,0.44002016129032256,0.27289746543778803,0.4225230515003204,-0.04141101823408788,0.5,blend_w0.50
42,2,758,1.671875,0.35527073732718895,1.419930934906006,-0.1774340278815545,0.5,blend_w0.50
42,3,772,0.8904089861751152,0.37586405529953915,0.8024193644523621,-0.1096554066623312,0.5,blend_w0.50
42,4,786,1.2182459677419355,0.43418778801843316,1.02102530002594,-0.19315943269083058,0.5,blend_w0.50
42,5,800,2.989559331797235,0.8310771889400922,0.6097350120544434,-3.903046852638825,0.5,blend_w0.50
42,6,814,0.6757632488479263,0.3601670506912442,0.6411290168762207,-0.05402069015758215,0.5,blend_w0.50
42,7,828,0.7939228110599078,0.38421658986175117,0.7687212228775024,-0.03278378094996515,0.5,blend_w0.50
42,8,842,0.6304003456221198,0.31984447004608296,0.6140552759170532,-0.026618238367313474,0.5,blend_w0.50
42,9,856,0.6567540322580645,0.34893433179723504,0.627592146396637,-0.04646630144889885,0.5,blend_w0.50
42,10,870,0.6442972350230415,0.31451612903225806,0.6221198439598083,-0.03564810105087379,0.5,blend_w0.50
42,11,884,1.105126728110599,0.4400921658986175,1.0645161867141724,-0.03814929439615056,0.5,blend_w0.50
42,12,898,1.3774481566820276,0.5184331797235023,1.2995392084121704,-0.05995121021785055,0.5,blend_w0.50
42,13,912,0.9951756912442397,0.46068548387096775,0.9205068945884703,-0.0811170422456764,0.5,blend_w0.50
42,14,926,1.112327188940092,0.4619815668202765,1.0440667867660522,-0.06537934453932137,0.5,blend_w0.50
42,15,940,0.9942396313364056,0.4245391705069124,0.9026497602462769,-0.10146778421027847,0.5,blend_w0.50
42,16,954,0.6751152073732719,0.34389400921658986,0.5169931054115295,-0.3058495370762755,0.5,blend_w0.50
42,17,968,0.9686059907834101,0.43548387096774194,0.9593893885612488,-0.009606737714686453,0.5,blend_w0.50
42,18,982,0.6092309907834101,0.2913306451612903,0.586693525314331,-0.03841437564357686,0.5,blend_w0.50
42,19,996,1.0054003456221199,0.4459965437788018,0.9579492807388306,-0.04953400543992492,0.5,blend_w0.50
42,20,1010,1.0387384792626728,0.4046658986175115,1.0365782976150513,-0.0020839541524182437,0.5,blend_w0.50
42,21,1024,0.6900201612903226,0.35181451612903225,0.6952764987945557,0.007560067848325525,0.5,blend_w0.50
42,22,1038,0.8331653225806451,0.3745679723502304,0.8280529975891113,-0.006173910373391989,0.5,blend_w0.50
42,23,1052,0.7290466589861752,0.3644873271889401,0.713421642780304,-0.021901516955636913,0.5,blend_w0.50
42,24,1066,0.6254320276497696,0.3415898617511521,0.6261520981788635,0.0011499929988069146,0.5,blend_w0.50
42,25,1080,1.0547235023041475,0.42223502304147464,1.0538594722747805,-0.0008198721481356142,0.5,blend_w0.50
42,26,1094,0.9378600230414746,0.4074020737327189,0.9202188849449158,-0.019170589068724597,0.5,blend_w0.50
42,27,1108,0.9203629032258065,0.3957373271889401,0.89573734998703,-0.027491935263314726,0.5,blend_w0.50
42,28,1122,1.1696428571428572,0.5040322580645161,1.1837557554244995,0.01192213699234046,0.5,blend_w0.50
42,29,1136,0.866647465437788,0.396889400921659,0.8559907674789429,-0.012449547779856518,0.5,blend_w0.50
42,30,1150,0.8023473502304147,0.42151497695852536,0.8061636090278625,0.004733851484625795,0.5,blend_w0.50
42,31,1164,1.0234735023041475,0.4308755760368664,0.9720622301101683,-0.05288886925289993,0.5,blend_w0.50
42,32,1178,1.0400345622119815,0.46975806451612906,0.9778226017951964,-0.0636229519573075,0.5,blend_w0.50
42,33,1192,0.6134072580645161,0.3351094470046083,0.6163594722747803,0.004789760428875245,0.5,blend_w0.50
42,34,1206,0.591661866359447,0.3523905529953917,0.5682603716850281,-0.04118093719086513,0.5,blend_w0.50
42,35,1220,0.671875,0.3474942396313364,0.6961405277252197,0.03485722603238206,0.5,blend_w0.50
42,36,1234,0.7768577188940092,0.4189228110599078,0.7353110313415527,-0.05650219537255663,0.5,blend_w0.50
42,37,1248,0.6533698156682027,0.3505184331797235,0.6961405277252197,0.06143976733660228,0.5,blend_w0.50
42,38,1262,0.7782978110599078,0.3855126728110599,0.7727534770965576,-0.007174777115441344,0.5,blend_w0.50
42,39,1276,1.084317396313364,0.45377304147465436,1.0512672662734983,-0.03143837071710687,0.5,blend_w0.50
42,40,1290,0.9399481566820277,0.3896889400921659,0.9205068945884703,-0.02112016999313071,0.5,blend_w0.50
42,41,1304,0.7294066820276498,0.38421658986175117,0.7151497602462769,-0.019935575139482964,0.5,blend_w0.50
42,42,1318,0.8940812211981567,0.3855126728110599,0.8643433451652527,-0.03440516572406582,0.5,blend_w0.50
42,43,1332,0.8125,0.375,0.8044354915618896,-0.010025053000150885,0.5,blend_w0.50
42,44,1346,0.9582373271889401,0.4444124423963134,0.930875599384308,-0.029393538538049047,0.5,blend_w0.50
42,45,1360,0.8508784562211982,0.40826612903225806,0.8292050957679749,-0.026137514788365346,0.5,blend_w0.50
42,46,1374,1.0784850230414746,0.43951612903225806,1.0630760192871094,-0.014494733654794034,0.5,blend_w0.50
42,47,1388,1.0242655529953917,0.42756336405529954,1.0195852518081665,-0.004590397104043076,0.5,blend_w0.50
42,48,1402,0.732214861751152,0.3794642857142857,0.6944124698638916,-0.05443795082578218,0.5,blend_w0.50
42,49,1416,0.7901785714285714,0.4009216589861751,0.7701612710952759,-0.02599105029629456,0.5,blend_w0.50
42,50,1430,0.8531826036866359,0.3964573732718894,0.850806474685669,-0.0027927960960156817,0.5,blend_w0.50
42,51,1444,1.0128168202764978,0.4040898617511521,0.9953917264938354,-0.017505765136345275,0.5,blend_w0.50
123,0,730,0.922883064516129,0.3765841013824885,0.7736175060272217,-0.19294490794996966,0.5,blend_w0.50
123,1,744,0.5069844470046083,0.2996831797235023,0.4225230515003204,-0.19989772203996292,0.5,blend_w0.50
123,2,758,1.7901065668202765,0.3832085253456221,1.419930934906006,-0.2606997444835404,0.5,blend_w0.50
123,3,772,0.9115063364055299,0.3935771889400922,0.8024193644523621,-0.1359475815088509,0.5,blend_w0.50
123,4,786,1.2445276497695852,0.4536290322580645,1.02102530002594,-0.2188999133889895,0.5,blend_w0.50
123,5,800,2.278297811059908,0.740639400921659,0.6097350120544434,-2.7365376204712324,0.5,blend_w0.50
123,6,814,0.6612183179723502,0.3558467741935484,0.6411290168762207,-0.03133425654950206,0.5,blend_w0.50
123,7,828,0.7950028801843319,0.3840725806451613,0.7687212228775024,-0.03418880151175108,0.5,blend_w0.50
123,8,842,0.6435051843317973,0.3207085253456221,0.6140552759170532,-0.04795970260293325,0.5,blend_w0.50
123,9,856,0.6528657834101382,0.34922235023041476,0.627592146396637,-0.04027079873228434,0.5,blend_w0.50
123,10,870,0.6705789170506913,0.3207085253456221,0.6221198439598083,-0.07789346950008813,0.5,blend_w0.50
123,11,884,1.1116071428571428,0.43894009216589863,1.0645161867141724,-0.04423695640394665,0.5,blend_w0.50
123,12,898,1.4305875576036866,0.5264976958525346,1.2995392084121704,-0.10084216647194233,0.5,blend_w0.50
123,13,912,1.0930299539170507,0.48847926267281105,0.9205068945884703,-0.18742180025246857,0.5,blend_w0.50
123,14,926,1.059475806451613,0.47465437788018433,1.0440667867660522,-0.014758653259423715,0.5,blend_w0.50
123,15,940,0.9851670506912442,0.4346198156682028,0.9026497602462769,-0.09141673113883453,0.5,blend_w0.50
123,16,954,0.6443692396313364,0.3595910138248848,0.5169931054115295,-0.24637878704091176,0.5,blend_w0.50
123,17,968,1.0691244239631337,0.47148617511520735,0.9593893885612488,-0.1143800804034838,0.5,blend_w0.50
123,18,982,0.6905241935483871,0.3320852534562212,0.586693525314331,-0.17697599130385333,0.5,blend_w0.50
123,19,996,1.0713565668202765,0.4664458525345622,0.9579492807388306,-0.11838548069473886,0.5,blend_w0.50
123,20,1010,1.0490351382488479,0.40682603686635943,1.0365782976150513,-0.012017269377968987,0.5,blend_w0.50
123,21,1024,0.6861319124423964,0.35152649769585254,0.6952764987945557,0.01315244563567708,0.5,blend_w0.50
123,22,1038,0.878168202764977,0.38306451612903225,0.8280529975891113,-0.060521736316125674,0.5,blend_w0.50
123,23,1052,0.768721198156682,0.3692396313364055,0.713421642780304,-0.07751314518700059,0.5,blend_w0.50
123,24,1066,0.6334245391705069,0.34893433179723504,0.6261520981788635,-0.01161449592326691,0.5,blend_w0.50
123,25,1080,1.068692396313364,0.4277073732718894,1.0538594722747805,-0.014074859531856276,0.5,blend_w0.50
123,26,1094,0.9418922811059908,0.4111463133640553,0.9202188849449158,-0.023552435747254075,0.5,blend_w0.50
123,27,1108,0.9399481566820277,0.3948732718894009,0.89573734998703,-0.04935688647530201,0.5,blend_w0.50
123,28,1122,1.1962845622119815,0.5077764976958525,1.1837557554244995,-0.010583945826720953,0.5,blend_w0.50
123,29,1136,0.8651353686635944,0.39472926267281105,0.8559907674789429,-0.010683060532982402,0.5,blend_w0.50
123,30,1150,0.8143001152073732,0.4269873271889401,0.8061636090278625,-0.01009287207757037,0.5,blend_w0.50
123,31,1164,0.9682459677419355,0.42525921658986177,0.9720622301101683,0.003925944502339407,0.5,blend_w0.50
123,32,1178,0.9954637096774194,0.4658698156682028,0.9778226017951964,-0.018041215093448804,0.5,blend_w0.50
123,33,1192,0.6222638248847926,0.3358294930875576,0.6163594722747803,-0.00957939786050721,0.5,blend_w0.50
123,34,1206,0.5888536866359447,0.34965437788018433,0.5682603716850281,-0.03623922408992297,0.5,blend_w0.50
123,35,1220,0.6828917050691244,0.3459101382488479,0.6961405277252197,0.019031822065278203,0.5,blend_w0.50
123,36,1234,0.7559043778801844,0.41359447004608296,0.7353110313415527,-0.028006307073973558,0.5,blend_w0.50
123,37,1248,0.7016129032258065,0.3611751152073733,0.6961405277252197,-0.007861021277512537,0.5,blend_w0.50
123,38,1262,0.7783698156682027,0.3847926267281106,0.7727534770965576,-0.007267956389853003,0.5,blend_w0.50
123,39,1276,1.077044930875576,0.45506912442396313,1.0512672662734983,-0.024520562400324408,0.5,blend_w0.50
123,40,1290,0.931235599078341,0.39069700460829493,0.9205068945884703,-0.011655213614306659,0.5,blend_w0.50
123,41,1304,0.7237903225806451,0.3790322580645161,0.7151497602462769,-0.01208217189556593,0.5,blend_w0.50
123,42,1318,0.8855126728110599,0.3790322580645161,0.8643433451652527,-0.024491803823352143,0.5,blend_w0.50
123,43,1332,0.8122119815668203,0.3712557603686636,0.8044354915618896,-0.009667015051550987,0.5,blend_w0.50
123,44,1346,0.9426123271889401,0.43649193548387094,0.930875599384308,-0.012608266681815472,0.5,blend_w0.50
123,45,1360,0.8803283410138248,0.42194700460829493,0.8292050957679749,-0.06165331774583671,0.5,blend_w0.50
123,46,1374,1.085325460829493,0.4442684331797235,1.0630760192871094,-0.020929304338276777,0.5,blend_w0.50
123,47,1388,1.040538594470046,0.433323732718894,1.0195852518081665,-0.020550849107242586,0.5,blend_w0.50
123,48,1402,0.7276785714285714,0.3761520737327189,0.6944124698638916,-0.047905391980072265,0.5,blend_w0.50
123,49,1416,0.7797379032258065,0.39588133640552997,0.7701612710952759,-0.012434580249551352,0.5,blend_w0.50
123,50,1430,0.9069700460829493,0.4032258064516129,0.850806474685669,-0.06601215795640258,0.5,blend_w0.50
123,51,1444,1.0067684331797235,0.3980414746543779,0.9953917264938354,-0.011429376378243816,0.5,blend_w0.50
456,0,730,0.9027937788018433,0.36693548387096775,0.7736175060272217,-0.1669769256360083,0.5,blend_w0.50
456,1,744,0.4645017281105991,0.2789458525345622,0.4225230515003204,-0.09935239381903149,0.5,blend_w0.50
456,2,758,1.6906682027649769,0.3519585253456221,1.419930934906006,-0.19066932144618187,0.5,blend_w0.50
456,3,772,0.8924251152073732,0.3798963133640553,0.8024193644523621,-0.11216796944629892,0.5,blend_w0.50
456,4,786,1.258352534562212,0.4475806451612903,1.02102530002594,-0.23244011145487042,0.5,blend_w0.50
456,5,800,2.4585253456221197,0.7511520737327189,0.6097350120544434,-3.0321209984946664,0.5,blend_w0.50
456,6,814,0.6763392857142857,0.3636232718894009,0.6411290168762207,-0.05491916277572395,0.5,blend_w0.50
456,7,828,0.806163594470046,0.391705069124424,0.7687212228775024,-0.04870734731686999,0.5,blend_w0.50
456,8,842,0.6633784562211982,0.327044930875576,0.6140552759170532,-0.08032368133387324,0.5,blend_w0.50
456,9,856,0.6626584101382489,0.3569988479262673,0.627592146396637,-0.055874287055609706,0.5,blend_w0.50
456,10,870,0.7005328341013825,0.3276209677419355,0.6221198439598083,-0.12604161545864456,0.5,blend_w0.50
456,11,884,1.1212557603686637,0.4470046082949309,1.0645161867141724,-0.053300808726665316,0.5,blend_w0.50
456,12,898,1.4576612903225807,0.5305299539170507,1.2995392084121704,-0.12167549919760434,0.5,blend_w0.50
456,13,912,0.9896313364055299,0.46255760368663595,0.9205068945884703,-0.0750938881864247,0.5,blend_w0.50
456,14,926,1.123055875576037,0.46875,1.0440667867660522,-0.0756552069381018,0.5,blend_w0.50
456,15,940,0.9929435483870968,0.42626728110599077,0.9026497602462769,-0.10003191948578638,0.5,blend_w0.50
456,16,954,0.6275201612903226,0.3400057603686636,0.5169931054115295,-0.21378825891848763,0.5,blend_w0.50
456,17,968,1.0267857142857142,0.4498847926267281,0.9593893885612488,-0.07024918821078119,0.5,blend_w0.50
456,18,982,0.6868519585253456,0.3146601382488479,0.586693525314331,-0.17071678634488596,0.5,blend_w0.50
456,19,996,1.0873415898617511,0.4638536866359447,0.9579492807388306,-0.13507219194645148,0.5,blend_w0.50
456,20,1010,1.0493231566820276,0.40826612903225806,1.0365782976150513,-0.012295124349313014,0.5,blend_w0.50
456,21,1024,0.6898761520737328,0.3532546082949309,0.6952764987945557,0.0077671929515606974,0.5,blend_w0.50
456,22,1038,0.8648473502304147,0.38234447004608296,0.8280529975891113,-0.044434779837076555,0.5,blend_w0.50
456,23,1052,0.7492799539170507,0.3689516129032258,0.713421642780304,-0.050262438068183535,0.5,blend_w0.50
456,24,1066,0.6297523041474654,0.34965437788018433,0.6261520981788635,-0.005749730742854453,0.5,blend_w0.50
456,25,1080,1.0715005760368663,0.4324596774193548,1.0538594722747805,-0.016739521944047375,0.5,blend_w0.50
456,26,1094,0.941604262672811,0.41143433179723504,0.9202188849449158,-0.023239446698787747,0.5,blend_w0.50
456,27,1108,0.9271313364055299,0.3951612903225806,0.89573734998703,-0.035048205167457214,0.5,blend_w0.50
456,28,1122,1.2173819124423964,0.5154089861751152,1.1837557554244995,-0.02840633032938311,0.5,blend_w0.50
456,29,1136,0.8564228110599078,0.3945852534562212,0.8559907674789429,-0.0005047292533741921,0.5,blend_w0.50
456,30,1150,0.8161722350230415,0.42122695852534564,0.8061636090278625,-0.012415129984902462,0.5,blend_w0.50
456,31,1164,0.976094470046083,0.4279953917050691,0.9720622301101683,-0.004148129421156055,0.5,blend_w0.50
456,32,1178,1.0040322580645162,0.4657258064516129,0.9778226017951964,-0.02680410150184831,0.5,blend_w0.50
456,33,1192,0.6337125576036866,0.34230990783410137,0.6163594722747803,-0.028154163454098935,0.5,blend_w0.50
456,34,1206,0.5897897465437788,0.35152649769585254,0.5682603716850281,-0.037886461790237025,0.5,blend_w0.50
456,35,1220,0.6612183179723502,0.34375,0.6961405277252197,0.050165459935201495,0.5,blend_w0.50
456,36,1234,0.7626008064516129,0.41402649769585254,0.7353110313415527,-0.03711324044774744,0.5,blend_w0.50
456,37,1248,0.6808755760368663,0.3577188940092166,0.6961405277252197,0.02192797442527117,0.5,blend_w0.50
456,38,1262,0.785354262672811,0.3840725806451613,0.7727534770965576,-0.016306346007782357,0.5,blend_w0.50
456,39,1276,1.0892137096774193,0.45348502304147464,1.0512672662734983,-0.03609590502939608,0.5,blend_w0.50
456,40,1290,0.9546370967741935,0.38997695852534564,0.9205068945884703,-0.03707761711114799,0.5,blend_w0.50
456,41,1304,0.7631768433179723,0.3892569124423963,0.7151497602462769,-0.0671566792599585,0.5,blend_w0.50
456,42,1318,0.9418202764976958,0.3919930875576037,0.8643433451652527,-0.08963675345661448,0.5,blend_w0.50
456,43,1332,0.939660138248848,0.4066820276497696,0.8044354915618896,-0.16809880730698068,0.5,blend_w0.50
456,44,1346,0.9699740783410138,0.4549251152073733,0.930875599384308,-0.04200183030102633,0.5,blend_w0.50
456,45,1360,0.9408842165898618,0.4226670506912442,0.8292050957679749,-0.13468214485398744,0.5,blend_w0.50
456,46,1374,1.0254176267281105,0.4327476958525346,1.0630760192871094,0.035423988384435834,0.5,blend_w0.50
456,47,1388,1.056163594470046,0.43807603686635943,1.0195852518081665,-0.03587570788907568,0.5,blend_w0.50
456,48,1402,0.7253744239631337,0.378168202764977,0.6944124698638916,-0.04458726685209258,0.5,blend_w0.50
456,49,1416,0.7965869815668203,0.40106566820276496,0.7701612710952759,-0.03431191811808887,0.5,blend_w0.50
456,50,1430,0.8610311059907834,0.3945852534562212,0.850806474685669,-0.012017575805228775,0.5,blend_w0.50
456,51,1444,1.0226814516129032,0.39818548387096775,0.9953917264938354,-0.027416065848962834,0.5,blend_w0.50
789,0,730,0.8390697004608295,0.3538306451612903,0.7736175060272217,-0.0846053688336581,0.5,blend_w0.50
789,1,744,0.44110023041474655,0.2701612903225806,0.4225230515003204,-0.04396725539224722,0.5,blend_w0.50
789,2,758,1.590653801843318,0.34893433179723504,1.419930934906006,-0.12023321891258965,0.5,blend_w0.50
789,3,772,0.8703197004608295,0.36909562211981567,0.8024193644523621,-0.08461951320779537,0.5,blend_w0.50
789,4,786,1.2087413594470047,0.4295794930875576,1.02102530002594,-0.18385054652053734,0.5,blend_w0.50
789,5,800,2.481494815668203,0.778081797235023,0.6097350120544434,-3.0697922320501903,0.5,blend_w0.50
789,6,814,0.659346198156682,0.3538306451612903,0.6411290168762207,-0.028414220540541324,0.5,blend_w0.50
789,7,828,0.7874423963133641,0.3810483870967742,0.7687212228775024,-0.024353657579250898,0.5,blend_w0.50
789,8,842,0.632272465437788,0.3172523041474654,0.6140552759170532,-0.02966701897240198,0.5,blend_w0.50
789,9,856,0.6545938940092166,0.3477822580645161,0.627592146396637,-0.0430243554952241,0.5,blend_w0.50
789,10,870,0.6494815668202765,0.31163594470046085,0.6221198439598083,-0.04398143400523935,0.5,blend_w0.50
789,11,884,1.0932459677419355,0.4330357142857143,1.0645161867141724,-0.02698858071519128,0.5,blend_w0.50
789,12,898,1.3995535714285714,0.5211693548387096,1.2995392084121704,-0.0769614047571543,0.5,blend_w0.50
789,13,912,0.9939516129032258,0.4680299539170507,0.9205068945884703,-0.0797872549858416,0.5,blend_w0.50
789,14,926,1.141705069124424,0.4743663594470046,1.0440667867660522,-0.09351727647692121,0.5,blend_w0.50
789,15,940,0.9647177419354839,0.42828341013824883,0.9026497602462769,-0.06876197659685035,0.5,blend_w0.50
789,16,954,0.6257200460829493,0.34475806451612906,0.5169931054115295,-0.2103063648883141,0.5,blend_w0.50
789,17,968,1.0422667050691243,0.4601094470046083,0.9593893885612488,-0.08638548382545985,0.5,blend_w0.50
789,18,982,0.6869959677419355,0.31840437788018433,0.586693525314331,-0.17096224536288473,0.5,blend_w0.50
789,19,996,1.0699884792626728,0.46543778801843316,0.9579492807388306,-0.11695733874076364,0.5,blend_w0.50
789,20,1010,1.0609158986175116,0.4092741935483871,1.0365782976150513,-0.023478786945912322,0.5,blend_w0.50
789,21,1024,0.6859879032258065,0.34893433179723504,0.6952764987945557,0.013359570738912363,0.5,blend_w0.50
789,22,1038,0.8909850230414746,0.38335253456221197,0.8280529975891113,-0.07599999714461614,0.5,blend_w0.50
789,23,1052,0.789530529953917,0.3734158986175115,0.713421642780304,-0.10668149465862298,0.5,blend_w0.50
789,24,1066,0.6306163594470046,0.34706221198156684,0.6261520981788635,-0.007129675491186704,0.5,blend_w0.50
789,25,1080,1.0767569124423964,0.4305875576036866,1.0538594722747805,-0.021727223382251415,0.5,blend_w0.50
789,26,1094,0.949020737327189,0.41273041474654376,0.9202188849449158,-0.031298914696797686,0.5,blend_w0.50
789,27,1108,0.893793202764977,0.38752880184331795,0.89573734998703,0.002170443402947475,0.5,blend_w0.50
789,28,1122,1.190596198156682,0.5070564516129032,1.1837557554244995,-0.005778593008596955,0.5,blend_w0.50
789,29,1136,0.8506624423963134,0.38940092165898615,0.8559907674789429,0.006224745972812751,0.5,blend_w0.50
789,30,1150,0.8092597926267281,0.4192108294930876,0.8061636090278625,-0.0038406392501382225,0.5,blend_w0.50
789,31,1164,0.9846630184331797,0.42151497695852536,0.9720622301101683,-0.012962944071577942,0.5,blend_w0.50
789,32,1178,0.9899913594470046,0.4618375576036866,0.9778226017951964,-0.012444749824219059,0.5,blend_w0.50
789,33,1192,0.6134072580645161,0.3342453917050691,0.6163594722747803,0.004789760428875245,0.5,blend_w0.50
789,34,1206,0.5847494239631337,0.3509504608294931,0.5682603716850281,-0.029016720327007084,0.5,blend_w0.50
789,35,1220,0.6689228110599078,0.34619815668202764,0.6961405277252197,0.0390980205595145,0.5,blend_w0.50
789,36,1234,0.7731854838709677,0.415610599078341,0.7353110313415527,-0.0515080706191966,0.5,blend_w0.50
789,37,1248,0.6746831797235023,0.35368663594470046,0.6961405277252197,0.03082329953096341,0.5,blend_w0.50
789,38,1262,0.783410138248848,0.3847926267281106,0.7727534770965576,-0.013790505598668235,0.5,blend_w0.50
789,39,1276,1.086405529953917,0.4539170506912442,1.0512672662734983,-0.03342467211499489,0.5,blend_w0.50
789,40,1290,0.9436923963133641,0.38997695852534564,0.9205068945884703,-0.02518775455262534,0.5,blend_w0.50
789,41,1304,0.728110599078341,0.3790322580645161,0.7151497602462769,-0.01812325131396353,0.5,blend_w0.50
789,42,1318,0.9074740783410138,0.384360599078341,0.8643433451652527,-0.04990000029156816,0.5,blend_w0.50
789,43,1332,0.8320852534562212,0.37932027649769584,0.8044354915618896,-0.03437163350493999,0.5,blend_w0.50
789,44,1346,1.0018721198156681,0.454205069124424,0.930875599384308,-0.07626853736236949,0.5,blend_w0.50
789,45,1360,0.8652793778801844,0.41460253456221197,0.8292050957679749,-0.04350465559886496,0.5,blend_w0.50
789,46,1374,1.0640841013824884,0.4398041474654378,1.0630760192871094,-0.0009482690579880604,0.5,blend_w0.50
789,47,1388,1.0195852534562213,0.42972350230414746,1.0195852518081665,-1.6163972382798875e-09,0.5,blend_w0.50
789,48,1402,0.706293202764977,0.3737039170506912,0.6944124698638916,-0.017109043136011248,0.5,blend_w0.50
789,49,1416,0.788522465437788,0.39588133640552997,0.7701612710952759,-0.023840713668190627,0.5,blend_w0.50
789,50,1430,0.8554147465437788,0.3919930875576037,0.850806474685669,-0.005416357297718388,0.5,blend_w0.50
789,51,1444,1.0070564516129032,0.39285714285714285,0.9953917264938354,-0.01171872822386777,0.5,blend_w0.50
1024,0,730,0.7952908986175116,0.3377016129032258,0.7736175060272217,-0.028015643934416357,0.5,blend_w0.50
1024,1,744,0.423963133640553,0.25432027649769584,0.4225230515003204,-0.0034082924827867345,0.5,blend_w0.50
1024,2,758,1.5745247695852536,0.34317396313364057,1.419930934906006,-0.10887419301804346,0.5,blend_w0.50
1024,3,772,0.8501584101382489,0.36477534562211983,0.8024193644523621,-0.05949388536811795,0.5,blend_w0.50
1024,4,786,1.1759072580645162,0.42497119815668205,1.02102530002594,-0.15169257611407017,0.5,blend_w0.50
1024,5,800,2.1557459677419355,0.7409274193548387,0.6097350120544434,-2.535545647080946,0.5,blend_w0.50
1024,6,814,0.6751872119815668,0.35872695852534564,0.6411290168762207,-0.05312221753944035,0.5,blend_w0.50
1024,7,828,0.8191964285714286,0.3953052995391705,0.7687212228775024,-0.0656612620957513,0.5,blend_w0.50
1024,8,842,0.71875,0.3309331797235023,0.6140552759170532,-0.17049723076899181,0.5,blend_w0.50
1024,9,856,0.6879320276497696,0.3620391705069124,0.627592146396637,-0.09614505471360357,0.5,blend_w0.50
1024,10,870,0.7660570276497696,0.33482142857142855,0.6221198439598083,-0.2313656847429868,0.5,blend_w0.50
1024,11,884,1.0988623271889402,0.4295794930875576,1.0645161867141724,-0.032264554455281313,0.5,blend_w0.50
1024,12,898,1.3549827188940091,0.5100806451612904,1.2995392084121704,-0.042663976679535365,0.5,blend_w0.50
1024,13,912,0.9899193548387096,0.45996543778801846,0.9205068945884703,-0.07540677930638573,0.5,blend_w0.50
1024,14,926,1.1028945852534562,0.46097350230414746,1.0440667867660522,-0.05634486149072915,0.5,blend_w0.50
1024,15,940,0.9881912442396313,0.4248271889400922,0.9026497602462769,-0.09476708216264917,0.5,blend_w0.50
1024,16,954,0.634288594470046,0.3371255760368664,0.5169931054115295,-0.22688018047194003,0.5,blend_w0.50
1024,17,968,1.0027361751152073,0.4449884792626728,0.9593893885612488,-0.045181640604722295,0.5,blend_w0.50
1024,18,982,0.6460973502304147,0.30918778801843316,0.586693525314331,-0.10125188425124865,0.5,blend_w0.50
1024,19,996,1.0142569124423964,0.45305299539170507,0.9579492807388306,-0.05877934545776564,0.5,blend_w0.50
1024,20,1010,1.0514832949308757,0.4128744239631336,1.0365782976150513,-0.014379036634393882,0.5,blend_w0.50
1024,21,1024,0.7055731566820277,0.36419930875576034,0.6952764987945557,-0.014809443301081027,0.5,blend_w0.50
1024,22,1038,0.882272465437788,0.38464861751152074,0.8280529975891113,-0.06547825804210294,0.5,blend_w0.50
1024,23,1052,0.785426267281106,0.37960829493087556,0.713421642780304,-0.10092856760020608,0.5,blend_w0.50
1024,24,1066,0.6276641705069125,0.35210253456221197,0.6261520981788635,-0.0024148642677181975,0.5,blend_w0.50
1024,25,1080,1.0606278801843319,0.4248271889400922,1.0538594722747805,-0.006422495681460916,0.5,blend_w0.50
1024,26,1094,0.959389400921659,0.40898617511520735,0.9202188849449158,-0.04256652044158815,0.5,blend_w0.50
1024,27,1108,0.920866935483871,0.389544930875576,0.89573734998703,-0.02805463621362314,0.5,blend_w0.50
1024,28,1122,1.188508064516129,0.5072004608294931,1.1837557554244995,-0.004014602733589445,0.5,blend_w0.50
1024,29,1136,0.8537586405529954,0.3892569124423963,0.8559907674789429,0.002607653038737223,0.5,blend_w0.50
1024,30,1150,0.8130760368663594,0.420794930875576,0.8061636090278625,-0.008574472676622591,0.5,blend_w0.50
1024,31,1164,0.9717741935483871,0.41935483870967744,0.9720622301101683,0.00029631494040105455,0.5,blend_w0.50
1024,32,1178,0.9920074884792627,0.46356566820276496,0.9778226017951964,-0.014506605449724708,0.5,blend_w0.50
1024,33,1192,0.6178715437788018,0.3388536866359447,0.6163594722747803,-0.0024532299283743786,0.5,blend_w0.50
1024,34,1206,0.6253600230414746,0.3682315668202765,0.5682603716850281,-0.10048149440217413,0.5,blend_w0.50
1024,35,1220,0.6991647465437788,0.35973502304147464,0.6961405277252197,-0.00434426484037842,0.5,blend_w0.50
1024,36,1234,0.7542482718894009,0.4160426267281106,0.7353110313415527,-0.025754054734222764,0.5,blend_w0.50
1024,37,1248,0.6901641705069125,0.36909562211981567,0.6961405277252197,0.008584986766732583,0.5,blend_w0.50
1024,38,1262,0.7956509216589862,0.3896889400921659,0.7727534770965576,-0.029630982248647353,0.5,blend_w0.50
1024,39,1276,1.0773329493087558,0.4504608294930876,1.0512672662734983,-0.02479453500692963,0.5,blend_w0.50
1024,40,1290,0.9174107142857143,0.3840725806451613,0.9205068945884703,0.0033635601438273266,0.5,blend_w0.50
1024,41,1304,0.7318548387096774,0.3824884792626728,0.7151497602462769,-0.02335885347657496,0.5,blend_w0.50
1024,42,1318,0.8867367511520737,0.38205645161290325,0.8643433451652527,-0.025907998380596764,0.5,blend_w0.50
1024,43,1332,0.8267569124423964,0.3775921658986175,0.8044354915618896,-0.02774793145584309,0.5,blend_w0.50
1024,44,1346,0.973934331797235,0.4441244239631336,0.930875599384308,-0.04625616187749104,0.5,blend_w0.50
1024,45,1360,0.8629032258064516,0.40956221198156684,0.8292050957679749,-0.04063907736513239,0.5,blend_w0.50
1024,46,1374,1.0653801843317972,0.4351958525345622,1.0630760192871094,-0.0021674508717004493,0.5,blend_w0.50
1024,47,1388,1.018721198156682,0.42943548387096775,1.0195852518081665,0.0008474560120914632,0.5,blend_w0.50
1024,48,1402,0.7329349078341014,0.3817684331797235,0.6944124698638916,-0.05547486492827591,0.5,blend_w0.50
1024,49,1416,0.7980990783410138,0.4017857142857143,0.7701612710952759,-0.03627526895244482,0.5,blend_w0.50
1024,50,1430,0.857286866359447,0.3951612903225806,0.850806474685669,-0.007616763466888443,0.5,blend_w0.50
1024,51,1444,1.0069844470046083,0.3964573732718894,0.9953917264938354,-0.011646390262461725,0.5,blend_w0.50
42,0,730,0.8819045218894007,0.3590293778801843,0.7736175060272217,-0.1399748777897596,0.55,blend_w0.55
42,1,744,0.4448927131336405,0.2755040322580645,0.4225230515003204,-0.052943056133596844,0.55,blend_w0.55
42,2,758,1.6919635656682026,0.35761808755760366,1.419930934906006,-0.19158159321333756,0.55,blend_w0.55
42,3,772,0.8951540898617512,0.3772753456221198,0.8024193644523621,-0.11556890264316966,0.55,blend_w0.55
42,4,786,1.2218397177419356,0.4350662442396313,1.02102530002594,-0.1966791789693103,0.55,blend_w0.55
42,5,800,2.94572508640553,0.8257344470046083,0.6097350120544434,-3.8311562042012213,0.55,blend_w0.55
42,6,814,0.676691388248848,0.36038306451612906,0.6411290168762207,-0.055468354163563216,0.55,blend_w0.55
42,7,828,0.7949985599078342,0.3846198156682028,0.7687212228775024,-0.03418318142950394,0.55,blend_w0.55
42,8,842,0.6304053859447004,0.31994527649769583,0.6140552759170532,-0.02662644662278857,0.55,blend_w0.55
42,9,856,0.6574200748847926,0.34900633640552997,0.627592146396637,-0.04752756811794834,0.55,blend_w0.55
42,10,870,0.644830069124424,0.3149193548387097,0.6221198439598083,-0.036504582493405824,0.55,blend_w0.55
42,11,884,1.1077880184331796,0.4407258064516129,1.0645161867141724,-0.04064929426068553,0.55,blend_w0.55
42,12,898,1.3774265552995393,0.5182603686635945,1.2995392084121704,-0.05993458787791006,0.55,blend_w0.55
42,13,912,0.996449452764977,0.46090149769585254,0.9205068945884703,-0.08250080322370446,0.55,blend_w0.55
42,14,926,1.1129377880184332,0.4619815668202765,1.0440667867660522,-0.06596417214429895,0.55,blend_w0.55
42,15,940,0.9939746543778801,0.42445276497695855,0.9026497602462769,-0.10117422964438205,0.55,blend_w0.55
42,16,954,0.6843778801843318,0.3450748847926267,0.5169931054115295,-0.32376597099793614,0.55,blend_w0.55
42,17,968,0.9672926267281104,0.43464861751152073,0.9593893885612488,-0.008237779426259584,0.55,blend_w0.55
42,18,982,0.605853254608295,0.2901065668202765,0.586693525314331,-0.03265713437641704,0.55,blend_w0.55
42,19,996,1.0001260080645162,0.44434043778801846,0.9579492807388306,-0.044028142380519775,0.55,blend_w0.55
42,20,1010,1.0382445276497696,0.4044642857142857,1.0365782976150513,-0.0016074328765631751,0.55,blend_w0.55
42,21,1024,0.6883201324884792,0.35131048387096775,0.6952764987945557,0.01000517969201764,0.55,blend_w0.55
42,22,1038,0.8331905241935484,0.3746687788018433,0.8280529975891113,-0.006204345155920166,0.55,blend_w0.55
42,23,1052,0.7297501440092167,0.36467453917050696,0.713421642780304,-0.022887588839158646,0.55,blend_w0.55
42,24,1066,0.6249092741935484,0.3410714285714286,0.6261520981788635,0.0019848595715479256,0.55,blend_w0.55
42,25,1080,1.0558438940092165,0.42203341013824885,1.0538594722747805,-0.0018830041259225716,0.55,blend_w0.55
42,26,1094,0.9371234158986176,0.4070708525345622,0.9202188849449158,-0.01837011957727186,0.55,blend_w0.55
42,27,1108,0.9228326612903225,0.39639976958525347,0.89573734998703,-0.03024916991982618,0.55,blend_w0.55
42,28,1122,1.169202188940092,0.50411866359447,1.1837557554244995,0.012294399767618036,0.55,blend_w0.55
42,29,1136,0.8681451612903225,0.39755184331797233,0.8559907674789429,-0.014199211338665085,0.55,blend_w0.55
42,30,1150,0.8014220910138249,0.4215293778801843,0.8061636090278625,0.005881582796518625,0.55,blend_w0.55
42,31,1164,1.029146025345622,0.4319124423963133,0.9720622301101683,-0.058724424699624356,0.55,blend_w0.55
42,32,1178,1.0456451612903224,0.4705069124423963,0.9778226017951964,-0.06936080161228597,0.55,blend_w0.55
42,33,1192,0.6129745103686636,0.33538306451612904,0.6163594722747803,0.005491863203827996,0.55,blend_w0.55
42,34,1206,0.5935289458525345,0.35272177419354833,0.5682603716850281,-0.044466542850030155,0.55,blend_w0.55
42,35,1220,0.6719347638248848,0.3475950460829493,0.6961405277252197,0.03477137580171086,0.55,blend_w0.55
42,36,1234,0.7795888536866359,0.41951324884792623,0.7353110313415527,-0.06021645325284952,0.55,blend_w0.55
42,37,1248,0.6515797811059909,0.349971198156682,0.6961405277252197,0.06401113689622429,0.55,blend_w0.55
42,38,1262,0.7784454205069123,0.38578629032258066,0.7727534770965576,-0.007365794627985256,0.55,blend_w0.55
42,39,1276,1.0846766993087558,0.4538450460829493,1.0512672662734983,-0.031780151543846946,0.55,blend_w0.55
42,40,1290,0.9393130760368664,0.3897753456221198,0.9205068945884703,-0.02043024507361646,0.55,blend_w0.55
42,41,1304,0.7299351958525345,0.38464861751152074,0.7151497602462769,-0.02067460052166692,0.55,blend_w0.55
42,42,1318,0.8946205357142857,0.3859014976958526,0.8643433451652527,-0.03502912438487549,0.55,blend_w0.55
42,43,1332,0.8123329493087558,0.3752880184331797,0.8044354915618896,-0.009817390989963037,0.55,blend_w0.55
42,44,1346,0.959061059907834,0.44484447004608296,0.930875599384308,-0.030278439505953436,0.55,blend_w0.55
42,45,1360,0.8509972638248847,0.4080501152073733,0.8292050957679749,-0.026280793700051763,0.55,blend_w0.55
42,46,1374,1.0783971774193548,0.4394873271889401,1.0630760192871094,-0.014412100220753343,0.55,blend_w0.55
42,47,1388,1.0244995679723503,0.427116935483871,1.0195852518081665,-0.004819916878425312,0.55,blend_w0.55
42,48,1402,0.7362305587557604,0.38045794930875576,0.6944124698638916,-0.06022082077538915,0.55,blend_w0.55
42,49,1416,0.7926627304147466,0.40181451612903224,0.7701612710952759,-0.029216555238450903,0.55,blend_w0.55
42,50,1430,0.8540041762672811,0.39733582949308754,0.850806474685669,-0.003758435880255373,0.55,blend_w0.55
42,51,1444,1.0147623847926268,0.40532834101382487,0.9953917264938354,-0.019460336853534654,0.55,blend_w0.55
123,0,730,0.9247127016129031,0.37740495391705065,0.7736175060272217,-0.19530994891985376,0.55,blend_w0.55
123,1,744,0.5134396601382489,0.30254896313364055,0.4225230515003204,-0.21517549945522818,0.55,blend_w0.55
123,2,758,1.8026188076036866,0.3865063364055299,1.419930934906006,-0.2695116102411086,0.55,blend_w0.55
123,3,772,0.9181991647465437,0.3961837557603686,0.8024193644523621,-0.1442883926077725,0.55,blend_w0.55
123,4,786,1.2479867511520735,0.4553859447004608,1.02102530002594,-0.22228778378005654,0.55,blend_w0.55
123,5,800,2.2590790610599076,0.7476238479262672,0.6097350120544434,-2.7050177805078937,0.55,blend_w0.55
123,6,814,0.6616669066820277,0.35594758064516124,0.6411290168762207,-0.03203394210087995,0.55,blend_w0.55
123,7,828,0.7960548675115208,0.3844902073732719,0.7687212228775024,-0.03555729153893017,0.55,blend_w0.55
123,8,842,0.6431919642857142,0.3206653225806452,0.6140552759170532,-0.047449618155543494,0.55,blend_w0.55
123,9,856,0.6536139112903225,0.3496687788018433,0.627592146396637,-0.041462859347573655,0.55,blend_w0.55
123,10,870,0.6724632776497695,0.3216157834101382,0.6221198439598083,-0.08092240454752897,0.55,blend_w0.55
123,11,884,1.1131177995391706,0.43942972350230414,1.0645161867141724,-0.04565605805865314,0.55,blend_w0.55
123,12,898,1.4334418202764976,0.5269009216589862,1.2995392084121704,-0.1030385316561051,0.55,blend_w0.55
123,13,912,1.1043548387096775,0.4913306451612903,0.9205068945884703,-0.1997246790893401,0.55,blend_w0.55
123,14,926,1.05909418202765,0.4758928571428572,1.0440667867660522,-0.014393136006312757,0.55,blend_w0.55
123,15,940,0.9879593894009219,0.43629032258064515,0.9026497602462769,-0.09451022191749026,0.55,blend_w0.55
123,16,954,0.6482495679723503,0.36199596774193554,0.5169931054115295,-0.25388435781235397,0.55,blend_w0.55
123,17,968,1.0760627880184332,0.4736463133640553,0.9593893885612488,-0.1216121429403696,0.55,blend_w0.55
123,18,982,0.694745103686636,0.33464861751152075,0.586693525314331,-0.18417039512139577,0.55,blend_w0.55
123,19,996,1.073680155529954,0.46758352534562214,0.9579492807388306,-0.12081106705551736,0.55,blend_w0.55
123,20,1010,1.0489580933179723,0.40686923963133637,1.0365782976150513,-0.01194294317313438,0.55,blend_w0.55
123,21,1024,0.6857985311059908,0.3512816820276498,0.6952764987945557,0.01363194024966674,0.55,blend_w0.55
123,22,1038,0.8740524193548387,0.3823732718894009,0.8280529975891113,-0.055551301546707066,0.55,blend_w0.55
123,23,1052,0.7642252304147467,0.3686923963133641,0.713421642780304,-0.07121116684441198,0.55,blend_w0.55
123,24,1066,0.6326216877880184,0.34866071428571427,0.6261520981788635,-0.010332297261274714,0.55,blend_w0.55
123,25,1080,1.0681638824884792,0.42756336405529954,1.0538594722747805,-0.013573356400946146,0.55,blend_w0.55
123,26,1094,0.9409569412442397,0.41090149769585255,0.9202188849449158,-0.02253600381235965,0.55,blend_w0.55
123,27,1108,0.9457646889400921,0.3953917050691244,0.89573734998703,-0.05585045544186196,0.55,blend_w0.55
123,28,1122,1.1972623847926267,0.5080069124423963,1.1837557554244995,-0.011409979893431288,0.55,blend_w0.55
123,29,1136,0.8659411002304148,0.3945708525345622,0.8559907674789429,-0.011624345880245412,0.55,blend_w0.55
123,30,1150,0.8148595910138248,0.4268577188940092,0.8061636090278625,-0.01078686992141531,0.55,blend_w0.55
123,31,1164,0.9628593029953918,0.4244671658986175,0.9720622301101683,0.009467425880474223,0.55,blend_w0.55
123,32,1178,0.9950525633640552,0.4657978110599078,0.9778226017951964,-0.017620743821247453,0.55,blend_w0.55
123,33,1192,0.6217065092165899,0.3356566820276498,0.6163594722747803,-0.008675192290102052,0.55,blend_w0.55
123,34,1206,0.5884893433179723,0.34968317972350227,0.5682603716850281,-0.03559806849272373,0.55,blend_w0.55
123,35,1220,0.6816647465437788,0.34599654377880185,0.6961405277252197,0.020794337644359562,0.55,blend_w0.55
123,36,1234,0.7567525921658986,0.4136520737327189,0.7353110313415527,-0.029159851967984762,0.55,blend_w0.55
123,37,1248,0.6998358294930875,0.3605126728110599,0.6961405277252197,-0.005308269840204494,0.55,blend_w0.55
123,38,1262,0.778466301843318,0.38485023041474653,0.7727534770965576,-0.007392816617564746,0.55,blend_w0.55
123,39,1276,1.0797796658986174,0.4555011520737327,1.0512672662734983,-0.02712193230004112,0.55,blend_w0.55
123,40,1290,0.9292950748847926,0.3902793778801843,0.9205068945884703,-0.009547109693568423,0.55,blend_w0.55
123,41,1304,0.7236002304147466,0.3790322580645161,0.7151497602462769,-0.011816364401156632,0.55,blend_w0.55
123,42,1318,0.8853758640552994,0.3790322580645161,0.8643433451652527,-0.024333523255189338,0.55,blend_w0.55
123,43,1332,0.8125720046082949,0.3713709677419355,0.8044354915618896,-0.010114562487300915,0.55,blend_w0.55
123,44,1346,0.9431242799539171,0.4365639400921659,0.930875599384308,-0.01315823572742758,0.55,blend_w0.55
123,45,1360,0.8821241359447004,0.4226670506912442,0.8292050957679749,-0.06381900020490616,0.55,blend_w0.55
123,46,1374,1.0850640841013826,0.44459965437788024,1.0630760192871094,-0.02068343600584477,0.55,blend_w0.55
123,47,1388,1.0405666762672812,0.43333813364055296,1.0195852518081665,-0.02057839148016849,0.55,blend_w0.55
123,48,1402,0.7297335829493088,0.3765841013824885,0.6944124698638916,-0.05086474482858905,0.55,blend_w0.55
123,49,1416,0.7787449596774193,0.395838133640553,0.7701612710952759,-0.011145313201657459,0.55,blend_w0.55
123,50,1430,0.9096918202764978,0.4037442396313364,0.850806474685669,-0.06921121000234987,0.55,blend_w0.55
123,51,1444,1.0057992511520737,0.3982430875576037,0.9953917264938354,-0.010455707417719617,0.55,blend_w0.55
456,0,730,0.9107733294930875,0.3700172811059908,0.7736175060272217,-0.17729151990136027,0.55,blend_w0.55
456,1,744,0.46989559331797226,0.2818692396313364,0.4225230515003204,-0.11211824218687849,0.55,blend_w0.55
456,2,758,1.6997695852534562,0.35357142857142854,1.419930934906006,-0.19707905748667587,0.55,blend_w0.55
456,3,772,0.8960210253456221,0.38136520737327184,0.8024193644523621,-0.11664930464027568,0.55,blend_w0.55
456,4,786,1.2652390552995392,0.4494239631336406,1.02102530002594,-0.23918482261643748,0.55,blend_w0.55
456,5,800,2.4024596774193547,0.7472926267281106,0.6097350120544434,-2.9401701229596418,0.55,blend_w0.55
456,6,814,0.6755133928571427,0.3630616359447004,0.6411290168762207,-0.05363097765946301,0.55,blend_w0.55
456,7,828,0.806264400921659,0.39144585253456227,0.7687212228775024,-0.04883848256930334,0.55,blend_w0.55
456,8,842,0.6625439228110599,0.3264832949308756,0.6140552759170532,-0.07896462874875865,0.55,blend_w0.55
456,9,856,0.661903081797235,0.3565524193548387,0.627592146396637,-0.05467075328714133,0.55,blend_w0.55
456,10,870,0.7008734158986175,0.327088133640553,0.6221198439598083,-0.12658906913745227,0.55,blend_w0.55
456,11,884,1.11849366359447,0.44602534562211976,1.0645161867141724,-0.05070611189756469,0.55,blend_w0.55
456,12,898,1.459216589861751,0.5304435483870968,1.2995392084121704,-0.12287230767333357,0.55,blend_w0.55
456,13,912,0.9885685483870967,0.4620679723502304,0.9205068945884703,-0.07393931995376812,0.55,blend_w0.55
456,14,926,1.1232178859447004,0.4684763824884792,1.0440667867660522,-0.07581037935687518,0.55,blend_w0.55
456,15,940,0.993777361751152,0.42620967741935484,0.9026497602462769,-0.10095565912520943,0.55,blend_w0.55
456,16,954,0.6275453629032258,0.3400777649769585,0.5169931054115295,-0.21383700543491013,0.55,blend_w0.55
456,17,968,1.025639400921659,0.44974078341013823,0.9593893885612488,-0.06905435180991759,0.55,blend_w0.55
456,18,982,0.6871795794930875,0.31484735023041477,0.586693525314331,-0.17127520561083287,0.55,blend_w0.55
456,19,996,1.0853895449308755,0.4631768433179724,0.9579492807388306,-0.1330344588742265,0.55,blend_w0.55
456,20,1010,1.049871111751152,0.4087989631336405,1.0365782976150513,-0.01282374343229531,0.55,blend_w0.55
456,21,1024,0.6903088997695853,0.35349942396313366,0.6952764987945557,0.007144782016338835,0.55,blend_w0.55
456,22,1038,0.8681473214285714,0.3830501152073733,0.8280529975891113,-0.04841999721780521,0.55,blend_w0.55
456,23,1052,0.7523919930875576,0.3695564516129032,0.713421642780304,-0.054624569778091825,0.55,blend_w0.55
456,24,1066,0.6303758640552996,0.35000000000000003,0.6261520981788635,-0.006745590869567719,0.55,blend_w0.55
456,25,1080,1.0729759504608294,0.43310771889400923,1.0538594722747805,-0.018139494580606152,0.55,blend_w0.55
456,26,1094,0.9425468029953916,0.41167914746543777,0.9202188849449158,-0.02426370335989403,0.55,blend_w0.55
456,27,1108,0.9296486175115205,0.3953917050691244,0.89573734998703,-0.037858494484997784,0.55,blend_w0.55
456,28,1122,1.2211542338709678,0.5160570276497696,1.1837557554244995,-0.031593070002060575,0.55,blend_w0.55
456,29,1136,0.8557502880184331,0.3942684331797235,0.8559907674789429,0.00028093697928310846,0.55,blend_w0.55
456,30,1150,0.817556883640553,0.4213565668202765,0.8061636090278625,-0.014132707660209798,0.55,blend_w0.55
456,31,1164,0.9729637096774194,0.42701612903225805,0.9720622301101683,-0.0009273887404810388,0.55,blend_w0.55
456,32,1178,1.0035455069124424,0.465581797235023,0.9778226017951964,-0.026306310643690267,0.55,blend_w0.55
456,33,1192,0.6339667338709677,0.3421226958525345,0.6163594722747803,-0.028566546614761767,0.55,blend_w0.55
456,34,1206,0.5897055011520738,0.35131048387096775,0.5682603716850281,-0.037738210397208816,0.55,blend_w0.55
456,35,1220,0.6618829205069124,0.343735599078341,0.6961405277252197,0.04921076399653235,0.55,blend_w0.55
456,36,1234,0.762386952764977,0.41392569124423967,0.7353110313415527,-0.03682240612387533,0.55,blend_w0.55
456,37,1248,0.6817569124423963,0.3579205069124424,0.6961405277252197,0.020661942107902842,0.55,blend_w0.55
456,38,1262,0.7862348790322581,0.3842309907834101,0.7727534770965576,-0.017445928533836863,0.55,blend_w0.55
456,39,1276,1.0885908698156683,0.4534706221198157,1.0512672662734983,-0.03550343926761235,0.55,blend_w0.55
456,40,1290,0.953849366359447,0.3898905529953917,0.9205068945884703,-0.036221859898054376,0.55,blend_w0.55
456,41,1304,0.769814948156682,0.3907402073732719,0.7151497602462769,-0.07643879778632678,0.55,blend_w0.55
456,42,1318,0.9499654377880185,0.39349078341013827,0.8643433451652527,-0.0990602786516459,0.55,blend_w0.55
456,43,1332,0.9577203341013824,0.4106854838709677,0.8044354915618896,-0.19054957687393337,0.55,blend_w0.55
456,44,1346,0.9815430587557602,0.45805011520737327,0.930875599384308,-0.054429893108127736,0.55,blend_w0.55
456,45,1360,0.953948012672811,0.42530241935483865,0.8292050957679749,-0.1504367466402321,0.55,blend_w0.55
456,46,1374,1.0249373559907835,0.43287730414746545,1.0630760192871094,0.03587576297873918,0.55,blend_w0.55
456,47,1388,1.0588306451612903,0.438565668202765,1.0195852518081665,-0.0384915271023436,0.55,blend_w0.55
456,48,1402,0.7268476382488479,0.3785138248847926,0.6944124698638916,-0.046708793105794566,0.55,blend_w0.55
456,49,1416,0.7969002016129032,0.4014544930875576,0.7701612710952759,-0.03471861221949113,0.55,blend_w0.55
456,50,1430,0.8612687211981567,0.3944124423963134,0.850806474685669,-0.012296858126700227,0.55,blend_w0.55
456,51,1444,1.0222947868663594,0.3980270737327189,0.9953917264938354,-0.02702761099621287,0.55,blend_w0.55
789,0,730,0.8471896601382487,0.3558035714285714,0.7736175060272217,-0.09510145974959139,0.55,blend_w0.55
789,1,744,0.4448603110599078,0.2724078341013825,0.4225230515003204,-0.05286636901885222,0.55,blend_w0.55
789,2,758,1.600471630184332,0.35015841013824883,1.419930934906006,-0.12714751882652453,0.55,blend_w0.55
789,3,772,0.8723610311059908,0.36977246543778797,0.8024193644523621,-0.08716348302656285,0.55,blend_w0.55
789,4,786,1.213294210829493,0.4308323732718894,1.02102530002594,-0.18830964403983752,0.55,blend_w0.55
789,5,800,2.4967245103686637,0.7899337557603687,0.6097350120544434,-3.0947697950888386,0.55,blend_w0.55
789,6,814,0.6593382776497695,0.3538450460829493,0.6411290168762207,-0.028401866542041576,0.55,blend_w0.55
789,7,828,0.7876497695852533,0.3811059907834102,0.7687212228775024,-0.024623421527113498,0.55,blend_w0.55
789,8,842,0.6329644297235023,0.3175547235023041,0.6140552759170532,-0.030793895188359732,0.55,blend_w0.55
789,9,856,0.6546795794930876,0.3477966589861751,0.627592146396637,-0.043160886018053235,0.55,blend_w0.55
789,10,870,0.6501267281105991,0.3117799539170507,0.6221198439598083,-0.04501847099511602,0.55,blend_w0.55
789,11,884,1.0935879896313363,0.4330213133640553,1.0645161867141724,-0.027309873987824806,0.55,blend_w0.55
789,12,898,1.4002656970046083,0.5212413594470046,1.2995392084121704,-0.07750938789719908,0.55,blend_w0.55
789,13,912,0.9946342165898617,0.4675979262672811,0.9205068945884703,-0.0805288069401493,0.55,blend_w0.55
789,14,926,1.1374654377880185,0.47318548387096776,1.0440667867660522,-0.08945658669141676,0.55,blend_w0.55
789,15,940,0.9640423387096775,0.4274769585253456,0.9026497602462769,-0.06801373153486501,0.55,blend_w0.55
789,16,954,0.6278038594470047,0.3445276497695853,0.5169931054115295,-0.214337005417643,0.55,blend_w0.55
789,17,968,1.0383316532258065,0.4588565668202765,0.9593893885612488,-0.08228386263782173,0.55,blend_w0.55
789,18,982,0.6882812499999998,0.31899481566820276,0.586693525314331,-0.17315296709852301,0.55,blend_w0.55
789,19,996,1.071661866359447,0.46517857142857144,0.9579492807388306,-0.1187041818465735,0.55,blend_w0.55
789,20,1010,1.0615308179723502,0.40950460829493085,1.0365782976150513,-0.024072007309731802,0.55,blend_w0.55
789,21,1024,0.6866841877880184,0.34926555299539175,0.6952764987945557,0.01235812086476995,0.55,blend_w0.55
789,22,1038,0.894641417050691,0.3838997695852534,0.8280529975891113,-0.08041564930681111,0.55,blend_w0.55
789,23,1052,0.7931084389400922,0.3740639400921659,0.713421642780304,-0.11169663405393426,0.55,blend_w0.55
789,24,1066,0.6314703341013825,0.3472350230414747,0.6261520981788635,-0.008493520884122141,0.55,blend_w0.55
789,25,1080,1.078351094470046,0.43107718894009217,1.0538594722747805,-0.023239931736249275,0.55,blend_w0.55
789,26,1094,0.9500835253456221,0.4129320276497696,0.9202188849449158,-0.03245384428563858,0.55,blend_w0.55
789,27,1108,0.8943238767281106,0.38771601382488474,0.89573734998703,0.0015779996881226666,0.55,blend_w0.55
789,28,1122,1.191577620967742,0.5073588709677419,1.1837557554244995,-0.006607668437850656,0.55,blend_w0.55
789,29,1136,0.8502721774193548,0.3893145161290323,0.8559907674789429,0.00668066791938704,0.55,blend_w0.55
789,30,1150,0.80958741359447,0.4193692396313364,0.8061636090278625,-0.0042470343839213776,0.55,blend_w0.55
789,31,1164,0.9847227822580645,0.42147177419354837,0.9720622301101683,-0.013024425551912744,0.55,blend_w0.55
789,32,1178,0.9902973790322581,0.4618519585253456,0.9778226017951964,-0.012757710053090454,0.55,blend_w0.55
789,33,1192,0.6129341877880184,0.3342597926267281,0.6163594722747803,0.005557283761893461,0.55,blend_w0.55
789,34,1206,0.5845974942396313,0.3508208525345622,0.5682603716850281,-0.028749360977186722,0.55,blend_w0.55
789,35,1220,0.6701972926267281,0.34648617511520735,0.6961405277252197,0.03726723853194758,0.55,blend_w0.55
789,36,1234,0.7734403801843317,0.41566820276497696,0.7353110313415527,-0.05185472163148863,0.55,blend_w0.55
789,37,1248,0.6753413018433181,0.3537154377880184,0.6961405277252197,0.0298779126534513,0.55,blend_w0.55
789,38,1262,0.7838133640552996,0.38476382488479266,0.7727534770965576,-0.014312309535373213,0.55,blend_w0.55
789,39,1276,1.0858755760368664,0.4537154377880184,1.0512672662734983,-0.032920562518841345,0.55,blend_w0.55
789,40,1290,0.9432963709677419,0.3899481566820277,0.9205068945884703,-0.024757529262678712,0.55,blend_w0.55
789,41,1304,0.7283179723502304,0.37906105990783406,0.7151497602462769,-0.018413223126046763,0.55,blend_w0.55
789,42,1318,0.910768289170507,0.3849222350230415,0.8643433451652527,-0.05371122976180076,0.55,blend_w0.55
789,43,1332,0.8356278801843318,0.38018433179723504,0.8044354915618896,-0.03877550027271792,0.55,blend_w0.55
789,44,1346,1.0103009792626727,0.4560771889400922,0.930875599384308,-0.08532330198675053,0.55,blend_w0.55
789,45,1360,0.8666107430875576,0.4147321428571429,0.8292050957679749,-0.04511024776679551,0.55,blend_w0.55
789,46,1374,1.0635555875576037,0.4398905529953917,1.0630760192871094,-0.00045111380728535266,0.55,blend_w0.55
789,47,1388,1.0172839861751153,0.4294066820276498,1.0195852518081665,0.002257060534143762,0.55,blend_w0.55
789,48,1402,0.7062420794930876,0.37380472350230415,0.6944124698638916,-0.0170354222347342,0.55,blend_w0.55
789,49,1416,0.7874906394009217,0.3956365207373272,0.7701612710952759,-0.02250096045598471,0.55,blend_w0.55
789,50,1430,0.855581797235023,0.39205069124423964,0.850806474685669,-0.005612701232813544,0.55,blend_w0.55
789,51,1444,1.0070377304147464,0.3928283410138249,0.9953917264938354,-0.011699920353902105,0.55,blend_w0.55
1024,0,730,0.7926101670506914,0.3378312211981567,0.7736175060272217,-0.024550454036392333,0.55,blend_w0.55
1024,1,744,0.4248271889400922,0.25483870967741934,0.4225230515003204,-0.00545328220931407,0.55,blend_w0.55
1024,2,758,1.577698012672811,0.34445564516129035,1.419930934906006,-0.11110897994292124,0.55,blend_w0.55
1024,3,772,0.8500482430875576,0.3651641705069124,0.8024193644523621,-0.059356591758850996,0.55,blend_w0.55
1024,4,786,1.1738529665898616,0.42472638248847927,1.02102530002594,-0.14968058730771805,0.55,blend_w0.55
1024,5,800,2.0565574596774194,0.723891129032258,0.6097350120544434,-2.372870868523766,0.55,blend_w0.55
1024,6,814,0.6795110887096775,0.35986463133640556,0.6411290168762207,-0.05986637762936731,0.55,blend_w0.55
1024,7,828,0.8250410426267281,0.39699020737327184,0.7687212228775024,-0.07326429669576107,0.55,blend_w0.55
1024,8,842,0.7280169930875576,0.3320852534562212,0.6140552759170532,-0.18558869476418005,0.55,blend_w0.55
1024,9,856,0.6946615783410139,0.363594470046083,0.627592146396637,-0.10686786367461854,0.55,blend_w0.55
1024,10,870,0.7811686347926267,0.33711117511520733,0.6221198439598083,-0.25565619289760755,0.55,blend_w0.55
1024,11,884,1.0996378168202765,0.42904665898617517,1.0645161867141724,-0.032993044675547534,0.55,blend_w0.55
1024,12,898,1.3512543202764977,0.5089285714285714,1.2995392084121704,-0.03979496080577283,0.55,blend_w0.55
1024,13,912,0.9907286866359447,0.4602534562211982,0.9205068945884703,-0.07628600335347668,0.55,blend_w0.55
1024,14,926,1.1025208813364056,0.4608150921658986,1.0440667867660522,-0.05598693044475844,0.55,blend_w0.55
1024,15,940,0.9868778801843319,0.4245967741935484,0.9026497602462769,-0.09331207257516394,0.55,blend_w0.55
1024,16,954,0.6339033698156682,0.33702476958525346,0.5169931054115295,-0.22613505514948296,0.55,blend_w0.55
1024,17,968,1.0021702188940094,0.4449020737327189,0.9593893885612488,-0.04459172765806496,0.55,blend_w0.55
1024,18,982,0.6456401209677419,0.30928859447004603,0.586693525314331,-0.10047255186910276,0.55,blend_w0.55
1024,19,996,1.01016849078341,0.4520161290322581,0.9579492807388306,-0.05451145597635909,0.55,blend_w0.55
1024,20,1010,1.0513414458525345,0.4129176267281106,1.0365782976150513,-0.014242193061006825,0.55,blend_w0.55
1024,21,1024,0.7081012384792625,0.36562500000000003,0.6952764987945557,-0.018445524488375442,0.55,blend_w0.55
1024,22,1038,0.8813659274193548,0.38472062211981567,0.8280529975891113,-0.06438347543631262,0.55,blend_w0.55
1024,23,1052,0.7830069124423963,0.37960829493087556,0.713421642780304,-0.0975373684920866,0.55,blend_w0.55
1024,24,1066,0.6299776785714286,0.35295218894009217,0.6261520981788635,-0.006109666331377994,0.55,blend_w0.55
1024,25,1080,1.058080357142857,0.42399193548387093,1.0538594722747805,-0.004005168600862419,0.55,blend_w0.55
1024,26,1094,0.959205069124424,0.4084101382488479,0.9202188849449158,-0.04236620745056974,0.55,blend_w0.55
1024,27,1108,0.919917194700461,0.3895017281105991,0.89573734998703,-0.026994346851541895,0.55,blend_w0.55
1024,28,1122,1.1888176843317972,0.5069988479262673,1.1837557554244995,-0.004276159912297572,0.55,blend_w0.55
1024,29,1136,0.8535519873271891,0.3892137096774193,0.8559907674789429,0.0028490729624764954,0.55,blend_w0.55
1024,30,1150,0.8138738479262673,0.4210253456221198,0.8061636090278625,-0.009564111815593357,0.55,blend_w0.55
1024,31,1164,0.97136232718894,0.41941244239631337,0.9720622301101683,0.0007200186362029681,0.55,blend_w0.55
1024,32,1178,0.9947962269585253,0.46404089861751147,0.9778226017951964,-0.017358593606004558,0.55,blend_w0.55
1024,33,1192,0.6221983006912443,0.3401353686635945,0.6163594722747803,-0.009473089453650774,0.55,blend_w0.55
1024,34,1206,0.6318613191244239,0.3702620967741935,0.5682603716850281,-0.11192219378381729,0.55,blend_w0.55
1024,35,1220,0.7042669930875577,0.3612903225806452,0.6961405277252197,-0.0116735989914174,0.55,blend_w0.55
1024,36,1234,0.7583028513824884,0.41720910138248846,0.7353110313415527,-0.03126815600602084,0.55,blend_w0.55
1024,37,1248,0.6939235311059908,0.3707517281105991,0.6961405277252197,0.0031846969554745197,0.55,blend_w0.55
1024,38,1262,0.7990020161290323,0.39043778801843315,0.7727534770965576,-0.03396754567976523,0.55,blend_w0.55
1024,39,1276,1.0769916474654377,0.45014400921658987,1.0512672662734983,-0.024469877468102252,0.55,blend_w0.55
1024,40,1290,0.9144995679723502,0.3834245391705069,0.9205068945884703,0.006526107138834392,0.55,blend_w0.55
1024,41,1304,0.7320074884792628,0.38277649769585254,0.7151497602462769,-0.02357230494935858,0.55,blend_w0.55
1024,42,1318,0.887628888248848,0.3823588709677419,0.8643433451652527,-0.026940154296141827,0.55,blend_w0.55
1024,43,1332,0.828137960829493,0.3779089861751152,0.8044354915618896,-0.029464723419379002,0.55,blend_w0.55
1024,44,1346,0.9765336981566819,0.4447004608294931,0.930875599384308,-0.04904855042131584,0.55,blend_w0.55
1024,45,1360,0.8640264976958526,0.4097638248847926,0.8292050957679749,-0.04199371434835153,0.55,blend_w0.55
1024,46,1374,1.0646975806451613,0.43444700460829494,1.0630760192871094,-0.001525348449812114,0.55,blend_w0.55
1024,47,1388,1.0166013824884794,0.4286578341013825,1.0195852518081665,0.002926552060649512,0.55,blend_w0.55
1024,48,1402,0.7367273905529954,0.38281970046082947,0.6944124698638916,-0.060936291506109797,0.55,blend_w0.55
1024,49,1416,0.8004637096774193,0.4026209677419355,0.7701612710952759,-0.03934557568579011,0.55,blend_w0.55
1024,50,1430,0.8574812788018432,0.3954205069124424,0.850806474685669,-0.007845267184456217,0.55,blend_w0.55
1024,51,1444,1.0077023329493087,0.3969614055299539,0.9953917264938354,-0.012367599737679313,0.55,blend_w0.55
