seed,fold_id,t_end,mse,mae,naive_mse,skill
42,0,730,31.253939732142857,1.6715029761904763,31.675595238095237,0.013311683735788726
42,1,744,19.996566220238098,1.3432291666666667,20.769345238095237,0.03720767356881838
42,2,758,17.418582589285716,1.3618303571428572,18.230654761904763,0.04454432291241528
42,3,772,6.1383035714285725,0.8779761904761905,6.4523809523809526,0.048676199261992514
42,4,786,2.1645684523809523,0.5083333333333334,2.4017857142857144,0.09876703841387868
42,5,800,4.1527827380952385,0.6647321428571429,4.436011904761905,0.06384770211338475
42,6,814,3.3722135416666665,0.6898065476190476,3.5848214285714284,0.05930780406807801
42,7,828,5.478709077380953,0.7226934523809524,7.114583333333333,0.2299325454925747
42,8,842,4.402834821428572,0.6092261904761904,5.236607142857143,0.15921994884910484
42,9,856,9.724966517857142,0.9146577380952381,11.553571428571429,0.15827183153013913
42,10,870,2.7428831845238095,0.5542410714285714,3.6800595238095237,0.25466336433481596
42,11,884,3.1551934523809524,0.5941964285714286,3.5208333333333335,0.10385038038884198
42,12,898,2.2922619047619044,0.5101190476190476,3.212797619047619,0.28652153774895794
42,13,912,2.4637165178571427,0.5095982142857143,2.9375,0.1612879939209727
42,14,926,3.456886160714286,0.6264136904761904,4.208333333333333,0.17856170438472407
42,15,940,4.151469494047619,0.7203125,5.617559523809524,0.26098344370860926
42,16,954,2.200904017857143,0.5536458333333334,3.2782738095238093,0.32863935542442124
42,17,968,2.5412202380952382,0.531547619047619,3.2604166666666665,0.22058420812414414
42,18,982,2.8207886904761903,0.5482142857142857,4.241071428571429,0.3348877192982457
42,19,996,4.0031919642857146,0.6709821428571429,4.552083333333333,0.12058025498528924
42,20,1010,4.49642113095238,0.7339285714285714,5.586309523809524,0.19509989344698997
42,21,1024,2.3983258928571427,0.5428571428571429,2.8660714285714284,0.1632009345794393
42,22,1038,1.8750334821428571,0.4695684523809524,3.142857142857143,0.40339843750000004
42,23,1052,2.444122023809524,0.5366071428571428,3.361607142857143,0.2729305002213369
42,24,1066,4.887860863095238,0.7619791666666667,4.086309523809524,-0.19615531682447185
42,25,1080,4.750591517857143,0.7844494047619047,3.8050595238095237,-0.2484933515838874
42,26,1094,3.398895089285714,0.6630208333333334,4.398809523809524,0.22731478349120438
42,27,1108,2.453779761904762,0.5150297619047619,4.400297619047619,0.4423605005072708
42,28,1122,4.0965662202380955,0.6356398809523809,4.855654761904762,0.1563308305240576
42,29,1136,2.916781994047619,0.5548363095238096,4.465773809523809,0.34685854715094966
42,30,1150,4.7409375,0.70625,5.385416666666667,0.11967117988394582
42,31,1164,1.990014880952381,0.5251488095238095,3.2232142857142856,0.3825992613111726
42,32,1178,1.3343526785714286,0.3974702380952381,2.1413690476190474,0.37686935371785957
42,33,1192,1.2533556547619047,0.39211309523809523,2.5625,0.5108855981416958
42,34,1206,1.268404017857143,0.36495535714285715,2.2961309523809526,0.44759073233959823
42,35,1220,1.6490178571428573,0.46041666666666664,2.0654761904761907,0.2016282420749279
42,36,1234,2.188046875,0.45617559523809526,3.193452380952381,0.3148334109972041
42,37,1248,0.9878385416666666,0.3587053571428572,1.6339285714285714,0.3954212204007286
42,38,1262,1.2489471726190478,0.3786458333333333,2.130952380952381,0.4139018854748603
42,39,1276,1.4773028273809523,0.40141369047619047,2.3988095238095237,0.3841516749379653
42,40,1290,2.544985119047619,0.5180059523809524,3.4300595238095237,0.2580347071583514
42,41,1304,1.6055543154761902,0.4435267857142857,3.3363095238095237,0.5187633809099019
42,42,1318,2.746045386904762,0.6011160714285714,4.364583333333333,0.37083446982611656
42,43,1332,1.8674925595238097,0.4550595238095238,1.8080357142857142,-0.03288477366255149
42,44,1346,1.7603534226190476,0.5023065476190476,2.0,0.1198232886904762
42,45,1360,1.6852864583333333,0.3652529761904762,2.9077380952380953,0.4204132548618219
42,46,1374,2.4253497023809523,0.515922619047619,2.9449404761904763,0.17643506821627086
42,47,1388,1.7597098214285716,0.46904761904761905,2.3645833333333335,0.25580553807426054
42,48,1402,2.52140625,0.5254464285714286,2.863095238095238,0.11934251559251563
42,49,1416,1.6698028273809524,0.4444196428571428,2.5535714285714284,0.34609120046620045
42,50,1430,1.9107700892857145,0.5063244047619048,2.7827380952380953,0.3133489304812834
42,51,1444,2.88,0.48407738095238095,4.288690476190476,0.3284663428174879
42,52,1458,2.372142857142857,0.5809523809523809,4.120535714285714,0.4243120260021669
42,53,1472,3.473642113095238,0.6459077380952382,3.0669642857142856,-0.1325994662785055
42,54,1486,3.7160230654761905,0.6469494047619048,4.263392857142857,0.1283883071553228
42,55,1500,4.562351190476191,0.8053571428571429,2.8601190476190474,-0.5951612903225809
42,56,1514,3.3752418154761905,0.6142113095238095,4.258928571428571,0.2074903913347309
42,57,1528,9.527816220238096,0.9453125,3.611607142857143,-1.6381098063452826
42,58,1542,2.4906324404761904,0.4799107142857143,3.0625,0.18673226433430523
42,59,1556,1.6951599702380953,0.41361607142857143,2.168154761904762,0.21815545641729572
42,60,1570,3.2226711309523806,0.5537202380952382,3.581845238095238,0.10027627752388879
42,61,1584,2.750822172619048,0.5459077380952382,3.1666666666666665,0.13131931390977436
42,62,1598,4.112518601190477,0.6192708333333333,4.904761904761905,0.16152533373786404
42,63,1612,3.763333333333333,0.6081845238095238,4.308035714285714,0.12643868739205533
42,64,1626,3.2588020833333333,0.6080357142857143,4.127976190476191,0.21055695746214853
42,65,1640,2.888377976190476,0.5504464285714286,4.194940476190476,0.3114615111741752
42,66,1654,3.3323363095238094,0.6764880952380953,4.96875,0.32934112009583705
42,67,1668,3.841517857142857,0.7183035714285714,5.037202380952381,0.237370753323486
42,68,1682,4.805985863095238,0.8642113095238095,5.434523809523809,0.11565648959474262
42,69,1696,3.5009598214285713,0.6848214285714286,3.8363095238095237,0.08741466252909236
42,70,1710,5.439683779761905,0.954389880952381,5.700892857142857,0.04581897676846758
42,71,1724,4.775234375,0.6975446428571429,4.763392857142857,-0.0024859418931584276
42,72,1738,7.039051339285715,0.8707589285714286,10.450892857142858,0.32646411789833407
42,73,1752,2.8138839285714288,0.5383928571428571,2.9330357142857144,0.04062404870624048
42,74,1766,4.413452380952381,0.631547619047619,5.072916666666667,0.12999706658844234
42,75,1780,3.262038690476191,0.6168154761904762,3.3764880952380953,0.03389598942265304
42,76,1794,3.098604910714286,0.5366815476190476,3.550595238095238,0.12729987426655476
42,77,1808,3.0048660714285713,0.5697916666666666,5.190476190476191,0.4210808486238533
42,78,1822,3.8405543154761905,0.6991815476190476,6.363095238095238,0.3964329981290926
42,79,1836,10.01952380952381,1.2007440476190476,9.25,-0.08319176319176314
42,80,1850,7.03928943452381,0.8284970238095238,11.47172619047619,0.3863792320664158
42,81,1864,6.446878720238095,0.9161458333333333,7.760416666666667,0.1692612655800576
42,82,1878,6.707012648809524,0.9671875000000001,7.822916666666667,0.1426455202587027
42,83,1892,5.034683779761904,0.7116815476190477,7.589285714285714,0.3366063725490197
42,84,1906,4.0330208333333335,0.7431547619047618,5.229166666666667,0.2287450199203187
42,85,1920,6.075915178571428,0.9584821428571428,7.912202380952381,0.2320829415083695
42,86,1934,5.740766369047619,0.7940476190476191,5.5476190476190474,-0.034816255364806814
42,87,1948,3.8718787202380955,0.7304315476190476,5.002976190476191,0.22608491969066025
42,88,1962,2.618909970238095,0.6569196428571429,5.474702380952381,0.5216342756183746
42,89,1976,8.44296875,1.0441964285714287,4.822916666666667,-0.7505939524838012
42,90,1990,3.437708333333333,0.7208333333333334,5.918154761904762,0.4191249685692734
42,91,2004,4.293203125,0.8323660714285714,6.8913690476190474,0.377017382854675
42,92,2018,4.435851934523809,0.8063244047619048,7.175595238095238,0.3818140812940689
42,93,2032,7.287090773809524,1.01875,9.300595238095237,0.2164919999999999
42,94,2046,5.41624255952381,0.8613095238095237,7.6413690476190474,0.29119474196689377
42,95,2060,7.465453869047619,0.9855654761904761,7.833333333333333,0.046963335866261335
42,96,2074,2.7638058035714286,0.5712053571428571,3.7797619047619047,0.26878838582677167
42,97,2088,7.601436011904762,0.919345238095238,9.767857142857142,0.2217908287629493
42,98,2102,38.035487351190476,2.082217261904762,26.897321428571427,-0.4140994467496544
42,99,2116,3.7355617559523813,0.7450148809523809,4.769345238095238,0.21675585023400934
42,100,2130,3.6703199404761904,0.725297619047619,6.261904761904762,0.41386525665399243
42,101,2144,5.555993303571428,0.8377232142857144,8.770833333333334,0.36653758059043096
42,102,2158,10.68430431547619,1.0777529761904763,16.264880952380953,0.343105901189387
42,103,2172,8.097142857142856,0.9154761904761906,9.183035714285714,0.11824987846378221
42,104,2186,31.588322172619048,2.038764880952381,43.486607142857146,0.2736080313451734
42,105,2200,10.466696428571428,1.1330357142857141,14.769345238095237,0.2913229219143577
42,106,2214,6.409895833333333,0.9367559523809523,11.732142857142858,0.453646626078133
42,107,2228,11.127682291666666,1.0277529761904762,13.526785714285714,0.17735946094609456
42,108,2242,6.956997767857143,0.936235119047619,9.543154761904763,0.2709960237018557
42,109,2256,7.0312537202380945,0.9895089285714285,9.005952380952381,0.21926594514210196
42,110,2270,7.625364583333333,1.0349702380952381,9.941964285714286,0.23301227361173482
42,111,2284,4.774088541666667,0.7595982142857143,9.505952380952381,0.49777903882279273
42,112,2298,3.2270052083333334,0.6002232142857143,4.007440476190476,0.1947465651689566
42,113,2312,4.579981398809524,0.779985119047619,4.7961309523809526,0.04506748371082836
42,114,2326,5.7024107142857146,0.8110119047619048,6.517857142857143,0.12510958904109593
42,115,2340,9.139583333333334,1.1133928571428573,8.950892857142858,-0.021080631753948476
42,116,2354,3.3887723214285717,0.6860119047619048,3.5327380952380953,0.04075189553496206
42,117,2368,4.217566964285714,0.7525297619047618,5.720238095238095,0.26269380853277835
42,118,2382,2.5004017857142857,0.5680059523809524,3.462797619047619,0.2779243661366566
42,119,2396,4.36475818452381,0.795610119047619,5.2351190476190474,0.16625426378624208
42,120,2410,6.063857886904762,0.951860119047619,7.824404761904762,0.22500713198934963
42,121,2424,4.983311011904762,0.9811011904761904,6.598214285714286,0.24474853405502928
42,122,2438,3.1705580357142855,0.5849702380952381,5.095238095238095,0.3777409462616822
42,123,2452,4.802403273809524,0.6302083333333334,8.230654761904763,0.41652232869282224
42,124,2466,3.7930022321428574,0.6545386904761905,4.497023809523809,0.1565527796161481
42,125,2480,3.8657589285714287,0.7699404761904761,6.666666666666667,0.4201361607142857
42,126,2494,4.336112351190476,0.8139136904761906,7.732142857142857,0.4392094880677444
42,127,2508,3.6234784226190477,0.7598958333333333,7.116071428571429,0.4908035340861564
42,128,2522,3.574631696428572,0.6844494047619047,5.754464285714286,0.3788072148952676
42,129,2536,5.234308035714285,0.893154761904762,5.800595238095238,0.09762570548999494
123,0,730,30.96917782738095,1.6676339285714288,31.675595238095237,0.02230163017946074
123,1,744,20.210706845238096,1.3300595238095236,20.769345238095237,0.02689725585727587
123,2,758,17.927875744047622,1.4109375,18.230654761904763,0.01660823606236217
123,3,772,6.001536458333334,0.8383184523809524,6.4523809523809526,0.06987257841328409
123,4,786,2.175133928571429,0.5193452380952381,2.4017857142857144,0.09436802973977687
123,5,800,4.118456101190477,0.6600446428571429,4.436011904761905,0.07158587722240861
123,6,814,3.3739918154761908,0.6851934523809524,3.5848214285714284,0.05881174761311736
123,7,828,6.184136904761904,0.7821428571428571,7.114583333333333,0.13078017151223598
123,8,842,4.675647321428571,0.6526785714285713,5.236607142857143,0.10712276214833771
123,9,856,11.009806547619048,0.975297619047619,11.553571428571429,0.04706465739309629
123,10,870,2.5646577380952382,0.5276785714285714,3.6800595238095237,0.3030934088152042
123,11,884,3.3987127976190474,0.6191964285714286,3.5208333333333335,0.0346851225697381
123,12,898,2.4147507440476192,0.5363839285714286,3.212797619047619,0.2483962482630847
123,13,912,2.4659375,0.530952380952381,2.9375,0.16053191489361707
123,14,926,2.9485751488095238,0.5756696428571428,4.208333333333333,0.29934847949080623
123,15,940,3.9537834821428572,0.6680803571428571,5.617559523809524,0.2961741721854304
123,16,954,1.8780580357142858,0.49181547619047616,3.2782738095238093,0.4271198365864729
123,17,968,3.108396577380952,0.5609375,3.2604166666666665,0.0466259698767687
123,18,982,3.121834077380952,0.5421875,4.241071428571429,0.2639043859649124
123,19,996,2.827139136904762,0.5427827380952381,4.552083333333333,0.37893510951291265
123,20,1010,5.256023065476191,0.7996279761904762,5.586309523809524,0.05912426744805532
123,21,1024,2.294683779761905,0.48489583333333336,2.8660714285714284,0.19936266874350983
123,22,1038,2.9457105654761904,0.5497767857142857,3.142857142857143,0.06272845643939395
123,23,1052,3.012459077380952,0.5655505952380953,3.361607142857143,0.10386343514829577
123,24,1066,2.713046875,0.5405505952380952,4.086309523809524,0.3360642753095412
123,25,1080,12.375234375,1.2137648809523809,3.8050595238095237,-2.2523103245991396
123,26,1094,3.8893712797619044,0.6720982142857143,4.398809523809524,0.115812753721245
123,27,1108,3.364248511904762,0.5995535714285714,4.400297619047619,0.23544978018261742
123,28,1122,4.075933779761905,0.6755208333333333,4.855654761904762,0.1605799877413423
123,29,1136,3.342689732142857,0.6087053571428571,4.465773809523809,0.2514870043318893
123,30,1150,5.706674107142858,0.8166666666666667,5.385416666666667,-0.05965321912130417
123,31,1164,2.1187313988095235,0.5418898809523809,3.2232142857142856,0.342665050784857
123,32,1178,2.045970982142857,0.48816964285714287,2.1413690476190474,0.04455003474635166
123,33,1192,2.013515625,0.47686011904761905,2.5625,0.21423780487804878
123,34,1206,1.374326636904762,0.3820684523809524,2.2961309523809526,0.40145981853532087
123,35,1220,1.8777418154761905,0.48058035714285713,2.0654761904761907,0.09089157060518738
123,36,1234,2.0737574404761907,0.44062500000000004,3.193452380952381,0.35062208760484614
123,37,1248,1.1248995535714286,0.3661458333333333,1.6339285714285714,0.3115368852459016
123,38,1262,1.3910751488095239,0.37462797619047616,2.130952380952381,0.3472049581005586
123,39,1276,1.391610863095238,0.3784970238095238,2.3988095238095237,0.41987437965260554
123,40,1290,2.163061755952381,0.4418898809523809,3.4300595238095237,0.369380694143167
123,41,1304,1.6718415178571429,0.43519345238095236,3.3363095238095237,0.4988949598572703
123,42,1318,1.7939843749999997,0.4939732142857143,4.364583333333333,0.5889677804295943
123,43,1332,1.0630431547619048,0.32336309523809526,1.8080357142857142,0.41204526748971193
123,44,1346,1.6589657738095238,0.47872023809523806,2.0,0.1705171130952381
123,45,1360,2.179940476190476,0.4383928571428572,2.9077380952380953,0.25029682702149436
123,46,1374,2.921622023809524,0.5188988095238095,2.9449404761904763,0.0079181404749874
123,47,1388,2.052745535714286,0.4953869047619047,2.3645833333333335,0.1318785399622403
123,48,1402,2.430465029761905,0.5238839285714286,2.863095238095238,0.15110576923076924
123,49,1416,2.029006696428571,0.46763392857142855,2.5535714285714284,0.20542395104895106
123,50,1430,2.5301562499999997,0.5930059523809523,2.7827380952380953,0.0907673796791445
123,51,1444,3.5849144345238093,0.5335565476190476,4.288690476190476,0.16410045107564197
123,52,1458,3.420491071428571,0.7431547619047618,4.120535714285714,0.16989165763813674
123,53,1472,3.51180431547619,0.692485119047619,3.0669642857142856,-0.14504245511887426
123,54,1486,4.377771577380953,0.6807291666666666,4.263392857142857,-0.026828097731239398
123,55,1500,5.042403273809524,0.8438988095238096,2.8601190476190474,-0.7630046826222685
123,56,1514,4.306000744047619,0.6908482142857143,4.258928571428571,-0.011052585604472531
123,57,1528,39.92747023809524,2.3458333333333337,3.611607142857143,-10.055319324268645
123,58,1542,2.4754873511904765,0.4909970238095238,3.0625,0.19167759961127295
123,59,1556,1.8464471726190477,0.42686011904761906,2.168154761904762,0.14837851750171582
123,60,1570,3.3406808035714284,0.5628720238095238,3.581845238095238,0.06732966348151237
123,61,1584,2.702168898809524,0.5286458333333334,3.1666666666666665,0.1466835056390976
123,62,1598,4.034977678571429,0.6260416666666666,4.904761904761905,0.1773346480582524
123,63,1612,4.002637648809523,0.6231398809523809,4.308035714285714,0.07089032815198626
123,64,1626,3.2871800595238096,0.6020833333333334,4.127976190476191,0.20368240807498195
123,65,1640,2.4473549107142856,0.5223958333333334,4.194940476190476,0.41659365023057826
123,66,1654,2.9622023809523808,0.6508928571428572,4.96875,0.4038334830787661
123,67,1668,3.36124255952381,0.7113095238095238,5.037202380952381,0.3327163958641064
123,68,1682,5.493095238095238,0.9072916666666667,5.434523809523809,-0.010777656078860831
123,69,1696,3.4081956845238093,0.6201636904761905,3.8363095238095237,0.11159522885958106
123,70,1710,5.479308035714286,0.9849702380952381,5.700892857142857,0.03886844166014081
123,71,1724,4.784996279761905,0.6926339285714286,4.763392857142857,-0.004535301468291175
123,72,1738,10.543846726190477,1.0830357142857143,10.450892857142858,-0.008894347145094628
123,73,1752,2.3115922619047615,0.5566964285714286,2.9330357142857144,0.21187721968543904
123,74,1766,4.64017113095238,0.6482142857142857,5.072916666666667,0.0853050748019949
123,75,1780,2.531748511904762,0.6147321428571428,3.3764880952380953,0.2501828999559277
123,76,1794,2.4982812500000002,0.5647321428571429,3.550595238095238,0.2963767812238055
123,77,1808,3.775963541666667,0.6890625,5.190476190476191,0.27252078555045867
123,78,1822,4.593854166666667,0.7738095238095238,6.363095238095238,0.27804724041159967
123,79,1836,10.581510416666665,1.2354166666666666,9.25,-0.1439470720720719
123,80,1850,8.468619791666667,0.9152529761904761,11.47172619047619,0.2617833052276559
123,81,1864,6.727533482142857,0.9465029761904761,7.760416666666667,0.13309635666347075
123,82,1878,7.146465773809524,0.9967261904761904,7.822916666666667,0.08647042039185848
123,83,1892,4.468798363095238,0.6905505952380953,7.589285714285714,0.41117009803921567
123,84,1906,3.143329613095238,0.6866815476190476,5.229166666666667,0.3988851735913489
123,85,1920,4.148694196428572,0.8027529761904763,7.912202380952381,0.47565873612939624
123,86,1934,3.3787351190476196,0.5988095238095238,5.5476190476190474,0.3909576180257509
123,87,1948,2.7688653273809525,0.6271577380952381,5.002976190476191,0.4465563652587745
123,88,1962,4.312247023809523,0.7766369047619047,5.474702380952381,0.212332155477032
123,89,1976,4.539627976190476,0.8438988095238096,4.822916666666667,0.058738043813637786
123,90,1990,3.944032738095238,0.784375,5.918154761904762,0.3335705305506663
123,91,2004,4.834910714285714,0.8848214285714286,6.8913690476190474,0.2984107104297128
123,92,2018,4.698344494047619,0.8109375000000001,7.175595238095238,0.34523278722521766
123,93,2032,7.76110119047619,1.0563988095238095,9.300595238095237,0.16552639999999996
123,94,2046,6.416815476190475,0.9281250000000001,7.6413690476190474,0.16025316455696215
123,95,2060,7.147206101190477,0.9665922619047619,7.833333333333333,0.08759071048632205
123,96,2074,3.2356398809523808,0.5897321428571429,3.7797619047619047,0.14395669291338586
123,97,2088,7.389627976190476,0.9311011904761906,9.767857142857142,0.243475015234613
123,98,2102,34.58896205357143,1.979092261904762,26.897321428571427,-0.28596307053941916
123,99,2116,3.5378757440476187,0.757514880952381,4.769345238095238,0.2582051482059283
123,100,2130,2.9233482142857143,0.6395833333333334,6.261904761904762,0.5331535171102662
123,101,2144,5.671104910714285,0.849032738095238,8.770833333333334,0.3534132168306754
123,102,2158,10.118917410714285,1.0634672619047618,16.264880952380953,0.3778671088746569
123,103,2172,8.280208333333334,0.878422619047619,9.183035714285714,0.09831469777993829
123,104,2186,38.518035714285716,2.2921130952380953,43.486607142857146,0.11425520993737814
123,105,2200,9.922619047619047,1.1133928571428573,14.769345238095237,0.32816120906801005
123,106,2214,6.219401041666667,0.9152529761904761,11.732142857142858,0.46988362506341963
123,107,2228,11.885290178571429,1.055952380952381,13.526785714285714,0.12135148514851479
123,108,2242,7.010561755952381,0.932217261904762,9.543154761904763,0.26538320598783727
123,109,2256,6.3609486607142856,0.9323660714285713,9.005952380952381,0.29369505948446795
123,110,2270,8.02279761904762,1.0584821428571427,9.941964285714286,0.1930369705133963
123,111,2284,7.165245535714284,0.8894345238095237,9.505952380952381,0.24623591108328136
123,112,2298,3.1489025297619047,0.6037946428571429,4.007440476190476,0.21423598217601192
123,113,2312,4.875427827380952,0.7792410714285714,4.7961309523809526,-0.016533509152963033
123,114,2326,6.3853534226190485,0.8716517857142857,6.517857142857143,0.020329337899543276
123,115,2340,6.0202752976190474,0.9233630952380952,8.950892857142858,0.32741064006650045
123,116,2354,3.4912983630952383,0.7054315476190476,3.5327380952380953,0.011730202190395889
123,117,2368,4.330037202380952,0.7563988095238096,5.720238095238095,0.24303199791883456
123,118,2382,2.414966517857143,0.5715029761904762,3.462797619047619,0.30259669101847864
123,119,2396,3.7191406249999996,0.7304315476190476,5.2351190476190474,0.28957859579306433
123,120,2410,6.725930059523809,1.0116071428571427,7.824404761904762,0.14039083301635613
123,121,2424,7.155807291666667,1.1198660714285713,6.598214285714286,-0.08450665313486705
123,122,2438,3.413802083333333,0.5988095238095238,5.095238095238095,0.3300014602803738
123,123,2452,5.622667410714286,0.7045386904761904,8.230654761904763,0.31686268305912135
123,124,2466,3.7466927083333337,0.6534970238095238,4.497023809523809,0.16685059563203164
123,125,2480,3.6168452380952383,0.7613095238095239,6.666666666666667,0.4574732142857143
123,126,2494,4.255487351190476,0.8218005952380952,7.732142857142857,0.449636739799846
123,127,2508,4.221532738095238,0.8141369047619048,7.116071428571429,0.4067607695524885
123,128,2522,3.6470833333333337,0.6916666666666667,5.754464285714286,0.36621670545642615
123,129,2536,4.724434523809524,0.8488095238095238,5.800595238095238,0.18552591072344782
456,0,730,31.950699404761902,1.6949404761904763,31.675595238095237,-0.008685051207366401
456,1,744,20.21479166666667,1.3441964285714287,20.769345238095237,0.02670058035394407
456,2,758,17.91739955357143,1.4156994047619047,18.230654761904763,0.017182883029956852
456,3,772,6.103909970238096,0.858110119047619,6.4523809523809526,0.05400657287822874
456,4,786,2.0269494047619045,0.4824404761904762,2.4017857142857144,0.15606567534076843
456,5,800,4.147611607142856,0.6528273809523809,4.436011904761905,0.0650134183160016
456,6,814,3.5001636904761906,0.6967261904761904,3.5848214285714284,0.02361560813615604
456,7,828,5.493143601190476,0.7197172619047618,7.114583333333333,0.22790368123823468
456,8,842,4.551220238095238,0.6418154761904762,5.236607142857143,0.130883773799375
456,9,856,9.617075892857143,0.8758928571428571,11.553571428571429,0.16761012364760441
456,10,870,2.6741703869047617,0.5374255952380952,3.6800595238095237,0.2733350181965225
456,11,884,2.701495535714286,0.5672619047619047,3.5208333333333335,0.232711327134404
456,12,898,2.096796875,0.4965029761904762,3.212797619047619,0.34736104678091717
456,13,912,2.268686755952381,0.5194196428571429,2.9375,0.22768110435663624
456,14,926,3.413705357142857,0.6111607142857143,4.208333333333333,0.18882248939179636
456,15,940,4.6953125,0.7367559523809524,5.617559523809524,0.16417218543046352
456,16,954,2.320081845238095,0.5741071428571429,3.2782738095238093,0.2922855197458012
456,17,968,2.683809523809524,0.5422619047619047,3.2604166666666665,0.17685075308078502
456,18,982,3.33468005952381,0.5959821428571429,4.241071428571429,0.21371754385964903
456,19,996,3.41336681547619,0.6027529761904762,4.552083333333333,0.2501528277214776
456,20,1010,5.702965029761905,0.8093005952380953,5.586309523809524,-0.020882392115077364
456,21,1024,2.18171875,0.4675595238095238,2.8660714285714284,0.23877725856697818
456,22,1038,2.4809635416666667,0.5302827380952381,3.142857142857143,0.21060250946969694
456,23,1052,2.8289769345238094,0.5368303571428571,3.361607142857143,0.15844510845506865
456,24,1066,2.5048921130952384,0.5311755952380952,4.086309523809524,0.38700382374362696
456,25,1080,8.57149181547619,1.0311755952380952,3.8050595238095237,-1.252656433320297
456,26,1094,2.643753720238095,0.5758184523809524,4.398809523809524,0.3989842692828146
456,27,1108,2.4523214285714285,0.5095238095238095,4.400297619047619,0.4426919174839363
456,28,1122,2.5878385416666667,0.5295386904761905,4.855654761904762,0.46704642966595156
456,29,1136,3.283284970238095,0.5618303571428571,4.465773809523809,0.2647892369210264
456,30,1150,5.057299107142858,0.7403273809523809,5.385416666666667,0.06092705167173251
456,31,1164,1.8133854166666667,0.4980654761904762,3.2232142857142856,0.4373984302862419
456,32,1178,1.7385788690476192,0.41175595238095236,2.1413690476190474,0.1880993745656705
456,33,1192,1.9787834821428572,0.46986607142857145,2.5625,0.22779181184668984
456,34,1206,1.1642708333333334,0.35625,2.2961309523809526,0.4929423201555412
456,35,1220,1.6768191964285715,0.4744791666666667,2.0654761904761907,0.18816822766570607
456,36,1234,2.0713690476190476,0.44568452380952384,3.193452380952381,0.3513699906803355
456,37,1248,1.0450892857142857,0.3424107142857143,1.6339285714285714,0.3603825136612022
456,38,1262,1.2606510416666667,0.3743303571428572,2.130952380952381,0.40840956703910614
456,39,1276,1.479765625,0.40513392857142855,2.3988095238095237,0.38312499999999994
456,40,1290,2.030044642857143,0.47604166666666664,3.4300595238095237,0.4081605206073753
456,41,1304,1.6657328869047618,0.44218750000000007,3.3363095238095237,0.5007259143621766
456,42,1318,2.525078125,0.5844494047619048,4.364583333333333,0.42146181384248205
456,43,1332,1.7456026785714287,0.45029761904761906,1.8080357142857142,0.03453086419753071
456,44,1346,1.6192261904761902,0.47514880952380956,2.0,0.1903869047619049
456,45,1360,2.3680877976190473,0.5395833333333333,2.9077380952380953,0.18559109518935535
456,46,1374,2.7409002976190475,0.5671130952380953,2.9449404761904763,0.06928499242041442
456,47,1388,1.8351004464285714,0.45424107142857145,2.3645833333333335,0.22392227816236632
456,48,1402,2.4875558035714285,0.5298363095238096,2.863095238095238,0.13116554054054064
456,49,1416,2.1522916666666667,0.49032738095238093,2.5535714285714284,0.15714452214452201
456,50,1430,2.2805394345238095,0.5566220238095239,2.7827380952380953,0.1804692513368984
456,51,1444,3.358668154761905,0.5220238095238096,4.288690476190476,0.21685461485079804
456,52,1458,2.73219494047619,0.6671130952380953,4.120535714285714,0.3369321054532324
456,53,1472,3.502637648809524,0.6673363095238095,3.0669642857142856,-0.14205361475012146
456,54,1486,3.5697433035714283,0.6093005952380952,4.263392857142857,0.16269895287958114
456,55,1500,4.645052083333333,0.8227678571428572,2.8601190476190474,-0.6240764828303849
456,56,1514,3.275714285714286,0.5709821428571429,4.258928571428571,0.23085953878406706
456,57,1528,9.66585193452381,0.986532738095238,3.611607142857143,-1.6763298310671613
456,58,1542,2.625747767857143,0.5061755952380952,3.0625,0.14261297376093296
456,59,1556,2.3505877976190477,0.4772321428571428,2.168154761904762,-0.08414207275223062
456,60,1570,3.9443824404761907,0.5974702380952381,3.581845238095238,-0.10121520565018693
456,61,1584,3.329899553571429,0.5503720238095239,3.1666666666666665,-0.05154722744360907
456,62,1598,5.143240327380952,0.6786458333333334,4.904761904761905,-0.04862181432038826
456,63,1612,4.391633184523809,0.6301339285714286,4.308035714285714,-0.01940500863557859
456,64,1626,3.745115327380952,0.6116815476190476,4.127976190476191,0.09274783705839962
456,65,1640,3.4190215773809522,0.5590029761904761,4.194940476190476,0.18496541326711602
456,66,1654,3.9171502976190475,0.6733630952380952,4.96875,0.2116427073974244
456,67,1668,4.01641369047619,0.6563988095238096,5.037202380952381,0.2026499261447564
456,68,1682,4.494021577380953,0.7990327380952381,5.434523809523809,0.1730606516976998
456,69,1696,3.327805059523809,0.5351190476190476,3.8363095238095237,0.13255042668735462
456,70,1710,4.952287946428571,0.9345982142857142,5.700892857142857,0.13131362568519966
456,71,1724,4.5834077380952385,0.6805059523809524,4.763392857142857,0.03778506716651031
456,72,1738,11.748095238095237,1.1235119047619047,10.450892857142858,-0.12412359390573813
456,73,1752,2.346049107142857,0.5321428571428571,2.9330357142857144,0.20012937595129376
456,74,1766,4.594914434523809,0.6447172619047619,5.072916666666667,0.09422631270167214
456,75,1780,2.6612239583333333,0.5832589285714286,3.3764880952380953,0.21183671220802125
456,76,1794,3.05008556547619,0.5720982142857143,3.550595238095238,0.14096500419111502
456,77,1808,3.7690401785714287,0.640625,5.190476190476191,0.27385464449541286
456,78,1822,4.723906250000001,0.7766369047619047,6.363095238095238,0.25760874649204857
456,79,1836,6.772879464285714,0.9510416666666667,9.25,0.2677968146718147
456,80,1850,7.284642857142857,0.872470238095238,11.47172619047619,0.3649915682967959
456,81,1864,4.24211681547619,0.7514136904761904,7.760416666666667,0.45336481303930976
456,82,1878,5.028121279761905,0.817782738095238,7.822916666666667,0.3572574662354956
456,83,1892,4.262604166666667,0.6703869047619048,7.589285714285714,0.43833921568627454
456,84,1906,3.6474293154761903,0.7024553571428571,5.229166666666667,0.3024836368810473
456,85,1920,3.9394047619047616,0.7818452380952381,7.912202380952381,0.5021102125258605
456,86,1934,3.200684523809524,0.5632440476190477,5.5476190476190474,0.4230525751072961
456,87,1948,2.7395610119047618,0.6147321428571428,5.002976190476191,0.4524137418203451
456,88,1962,3.689453125,0.7351934523809524,5.474702380952381,0.32609064963305257
456,89,1976,3.1285900297619045,0.7164434523809524,4.822916666666667,0.35130746683122505
456,90,1990,4.236328125,0.7959077380952382,5.918154761904762,0.2841809152627609
456,91,2004,5.201919642857143,0.9330357142857143,6.8913690476190474,0.24515439429928743
456,92,2018,5.107235863095238,0.8659970238095239,7.175595238095238,0.28824917046868515
456,93,2032,8.242302827380954,1.0729910714285713,9.300595238095237,0.11378759999999977
456,94,2046,6.138995535714285,0.9403273809523809,7.6413690476190474,0.19661051606621238
456,95,2060,4.832336309523809,0.7852678571428572,7.833333333333333,0.3831060030395137
456,96,2074,3.1345089285714285,0.577827380952381,3.7797619047619047,0.17071259842519682
456,97,2088,7.3315625,0.9291666666666666,9.767857142857142,0.24941956124314435
456,98,2102,28.035189732142857,1.7808779761904763,26.897321428571427,-0.042304149377593525
456,99,2116,4.177883184523809,0.792485119047619,4.769345238095238,0.12401326053042128
456,100,2130,4.172410714285713,0.7385416666666667,6.261904761904762,0.33368346007604577
456,101,2144,5.079899553571428,0.7402529761904761,8.770833333333334,0.4208190532745165
456,102,2158,10.281741071428572,1.0668154761904762,16.264880952380953,0.3678563586459286
456,103,2172,7.954672619047619,0.8495535714285714,9.183035714285714,0.1337643817857721
456,104,2186,40.45156622023809,2.3857886904761907,43.486607142857146,0.06979254354446851
456,105,2200,15.77030505952381,1.3159226190476192,14.769345238095237,-0.06777279596977337
456,106,2214,7.107708333333333,0.9436011904761905,11.732142857142858,0.394167935058346
456,107,2228,12.668936011904762,1.0904761904761904,13.526785714285714,0.06341859185918586
456,108,2242,7.293608630952382,0.9571428571428572,9.543154761904763,0.23572353032901916
456,109,2256,6.861372767857143,0.9406994047619047,9.005952380952381,0.23812913086582954
456,110,2270,8.610647321428573,1.0720238095238095,9.941964285714286,0.1339088459811405
456,111,2284,6.238020833333333,0.8790178571428572,9.505952380952381,0.34377739511584227
456,112,2298,3.921781994047619,0.6387648809523809,4.007440476190476,0.021374860750092872
456,113,2312,4.682842261904762,0.7717261904761905,4.7961309523809526,0.023620850139621563
456,114,2326,5.8432812499999995,0.8361607142857143,6.517857142857143,0.10349657534246592
456,115,2340,9.693087797619048,1.1455357142857143,8.950892857142858,-0.08291853699085627
456,116,2354,2.7506808035714285,0.6485863095238096,3.5327380952380953,0.22137426284751482
456,117,2368,4.2269419642857144,0.7380952380952381,5.720238095238095,0.2610548907388137
456,118,2382,2.374594494047619,0.5688244047619048,3.462797619047619,0.3142554791577138
456,119,2396,3.6795238095238094,0.7400297619047619,5.2351190476190474,0.2971461057418988
456,120,2410,6.383370535714286,0.9886904761904761,7.824404761904762,0.1841717383035375
456,121,2424,6.0164880952380955,1.0717261904761906,6.598214285714286,0.08816418583671626
456,122,2438,4.343076636904762,0.6673363095238095,5.095238095238095,0.14762047313084115
456,123,2452,5.429668898809523,0.7207589285714286,8.230654761904763,0.3403114265051529
456,124,2466,3.761063988095238,0.6529761904761905,4.497023809523809,0.16365486432825938
456,125,2480,3.7136755952380955,0.7604166666666666,6.666666666666667,0.44294866071428574
456,126,2494,4.779862351190476,0.8612351190476191,7.732142857142857,0.38181918783679747
456,127,2508,3.947034970238095,0.7761160714285713,7.116071428571429,0.44533511083228783
456,128,2522,3.5617373511904757,0.6826636904761905,5.754464285714286,0.38104797000258606
456,129,2536,4.489516369047619,0.7959821428571429,5.800595238095238,0.22602488455618264
789,0,730,31.810703125,1.6933779761904764,31.675595238095237,-0.004265362209903145
789,1,744,20.38892113095238,1.3672619047619048,20.769345238095237,0.01831661531847817
789,2,758,17.368311011904762,1.3614583333333332,18.230654761904763,0.04730185290996658
789,3,772,6.140297619047619,0.8657738095238094,6.4523809523809526,0.04836715867158681
789,4,786,2.1267633928571428,0.5071428571428571,2.4017857142857144,0.11450743494423798
789,5,800,4.123560267857142,0.6503720238095239,4.436011904761905,0.07043525662529371
789,6,814,3.6213169642857146,0.7153273809523809,3.5848214285714284,-0.010180572851805847
789,7,828,6.1586421130952385,0.7969494047619047,7.114583333333333,0.1343636268563061
789,8,842,4.832068452380952,0.671577380952381,5.236607142857143,0.0772520602443878
789,9,856,9.656536458333333,0.8883184523809524,11.553571428571429,0.16419468057702225
789,10,870,3.5009412202380954,0.6197172619047618,3.6800595238095237,0.048672664779619845
789,11,884,2.9647172619047617,0.6087797619047619,3.5208333333333335,0.15795012679628073
789,12,898,2.580818452380952,0.5596726190476191,3.212797619047619,0.19670680870773516
789,13,912,2.578936011904762,0.5522321428571428,2.9375,0.12206433637284697
789,14,926,3.4444122023809522,0.5985119047619047,4.208333333333333,0.18152581329561523
789,15,940,4.57265625,0.7209821428571429,5.617559523809524,0.1860066225165563
789,16,954,2.6684598214285713,0.54375,3.2782738095238093,0.18601679527916481
789,17,968,3.0505989583333335,0.5603422619047619,3.2604166666666665,0.06435303514376989
789,18,982,3.9598846726190478,0.6014136904761904,4.241071428571429,0.0663008771929825
789,19,996,3.0126525297619047,0.5354910714285714,4.552083333333333,0.3381815952925793
789,20,1010,7.066112351190476,0.9219494047619047,5.586309523809524,-0.26489810868407027
789,21,1024,2.618470982142857,0.5530505952380952,2.8660714285714284,0.08639018691588785
789,22,1038,2.70125744047619,0.5616071428571429,3.142857142857143,0.14050899621212132
789,23,1052,2.535327380952381,0.5197916666666667,3.361607142857143,0.24579902611775128
789,24,1066,4.237224702380952,0.7337797619047619,4.086309523809524,-0.03693190094683163
789,25,1080,5.215349702380952,0.7200892857142857,3.8050595238095237,-0.37063551036370757
789,26,1094,3.0383184523809526,0.6241071428571429,4.398809523809524,0.309286197564276
789,27,1108,2.2563392857142857,0.49761904761904757,4.400297619047619,0.4872303009807236
789,28,1122,3.2916666666666665,0.5726190476190476,4.855654761904762,0.32209623046276437
789,29,1136,3.092154017857143,0.5436755952380953,4.465773809523809,0.3075883038987003
789,30,1150,5.589739583333333,0.7848214285714286,5.385416666666667,-0.03794003868471951
789,31,1164,2.414427083333333,0.5571428571428572,3.2232142857142856,0.2509256694367499
789,32,1178,1.6725446428571429,0.43645833333333334,2.1413690476190474,0.21893676164002773
789,33,1192,2.119278273809524,0.49360119047619044,2.5625,0.17296457607433213
789,34,1206,1.4245907738095238,0.40342261904761906,2.2961309523809526,0.3795690213869086
789,35,1220,1.7833035714285717,0.4913690476190476,2.0654761904761907,0.13661383285302586
789,36,1234,2.2606659226190478,0.4625744047619048,3.193452380952381,0.29209342963653306
789,37,1248,1.1351376488095237,0.389360119047619,1.6339285714285714,0.3052709471766849
789,38,1262,1.566982886904762,0.4098958333333333,2.130952380952381,0.2646560754189944
789,39,1276,1.2664620535714286,0.3750744047619048,2.3988095238095237,0.4720455955334987
789,40,1290,1.9706845238095236,0.4400297619047619,3.4300595238095237,0.4254663774403471
789,41,1304,1.6274962797619048,0.42924107142857143,3.3363095238095237,0.5121866636931312
789,42,1318,2.6916183035714285,0.6076636904761905,4.364583333333333,0.3833046368905557
789,43,1332,5.989456845238096,0.712202380952381,1.8080357142857142,-2.3126872427983547
789,44,1346,1.8504389880952379,0.49598214285714287,2.0,0.07478050595238106
789,45,1360,1.5688988095238094,0.3784226190476191,2.9077380952380953,0.4604401228249745
789,46,1374,2.620200892857143,0.5422619047619047,2.9449404761904763,0.11027033855482571
789,47,1388,1.679360119047619,0.4269345238095238,2.3645833333333335,0.2897860289490246
789,48,1402,2.044453125,0.5031994047619047,2.863095238095238,0.2859290540540541
789,49,1416,1.5848288690476189,0.41443452380952384,2.5535714285714284,0.37936771561771565
789,50,1430,2.2421130952380954,0.5543154761904762,2.7827380952380953,0.1942780748663101
789,51,1444,2.879892113095238,0.5046875,4.288690476190476,0.32849149895905627
789,52,1458,2.5711793154761904,0.6319196428571429,4.120535714285714,0.376008486818346
789,53,1472,3.750290178571429,0.6766369047619047,3.0669642857142856,-0.22280203784570607
789,54,1486,3.978984375,0.6777529761904761,4.263392857142857,0.06670942408376956
789,55,1500,4.094605654761905,0.7632440476190476,2.8601190476190474,-0.4316207075962539
789,56,1514,3.8576636904761905,0.6385416666666667,4.258928571428571,0.09421733053808523
789,57,1528,35.35867187499999,2.0494791666666665,3.611607142857143,-8.790287391841778
789,58,1542,2.1714322916666666,0.4679315476190476,3.0625,0.29096088435374146
789,59,1556,1.557034970238095,0.4107886904761905,2.168154761904762,0.2818617021276597
789,60,1570,2.999821428571429,0.5544642857142857,3.581845238095238,0.16249272953884497
789,61,1584,2.5338318452380952,0.5433035714285714,3.1666666666666665,0.19984257518796988
789,62,1598,4.0830729166666675,0.6348214285714286,4.904761904761905,0.16752882281553383
789,63,1612,3.5910528273809526,0.6003720238095238,4.308035714285714,0.16642918825561315
789,64,1626,2.2697135416666665,0.5124255952380953,4.127976190476191,0.4501631218457103
789,65,1640,3.3338876488095237,0.5869791666666666,4.194940476190476,0.20525984391628238
789,66,1654,3.5400632440476194,0.6764136904761905,4.96875,0.28753444144953577
789,67,1668,3.9209002976190472,0.6779761904761904,5.037202380952381,0.22161152141802087
789,68,1682,4.422808779761905,0.7963541666666666,5.434523809523809,0.18616443044906894
789,69,1696,2.9398065476190474,0.5498511904761905,3.8363095238095237,0.23368890612878201
789,70,1710,4.861473214285714,0.9251488095238096,5.700892857142857,0.1472435395458105
789,71,1724,5.708028273809524,0.7397321428571428,4.763392857142857,-0.19831146516713538
789,72,1738,10.925997023809524,1.0803571428571428,10.450892857142858,-0.04546062936067208
789,73,1752,1.7869456845238096,0.4802827380952381,2.9330357142857144,0.3907521562658549
789,74,1766,4.330145089285715,0.6337053571428571,5.072916666666667,0.14641903784100907
789,75,1780,2.5738392857142856,0.5837797619047619,3.3764880952380953,0.23771705597179382
789,76,1794,2.2084672619047616,0.5571428571428572,3.550595238095238,0.3780008382229674
789,77,1808,3.770152529761905,0.6591517857142857,5.190476190476191,0.27364033830275225
789,78,1822,4.6422767857142855,0.7733630952380953,6.363095238095238,0.2704373246024322
789,79,1836,7.737183779761905,1.017782738095238,9.25,0.16354769948519954
789,80,1850,8.518136160714286,0.901860119047619,11.47172619047619,0.25746692177973785
789,81,1864,4.350427827380953,0.7649553571428571,7.760416666666667,0.439407957813998
789,82,1878,5.241276041666667,0.8593005952380953,7.822916666666667,0.33000998668442083
789,83,1892,5.164468005952381,0.7101934523809523,7.589285714285714,0.3195053921568627
789,84,1906,3.1887648809523808,0.6813988095238095,5.229166666666667,0.3901963574274332
789,85,1920,5.8965587797619055,0.9460565476190477,7.912202380952381,0.2547512695128832
789,86,1934,3.0445312500000004,0.5717261904761904,5.5476190476190474,0.4512003755364806
789,87,1948,3.13234375,0.6519345238095239,5.002976190476191,0.3739039262343843
789,88,1962,2.413139880952381,0.6419642857142857,5.474702380952381,0.5592198967110629
789,89,1976,4.724441964285714,0.8702380952380951,4.822916666666667,0.020418080839247232
789,90,1990,4.4231622023809525,0.8233630952380951,5.918154761904762,0.25261126477244156
789,91,2004,4.396930803571429,0.8582589285714286,6.8913690476190474,0.3619655581947743
789,92,2018,4.607046130952381,0.8251488095238095,7.175595238095238,0.35795624222314393
789,93,2032,7.171964285714286,0.9998511904761904,9.300595238095237,0.22887039999999992
789,94,2046,5.868247767857143,0.8898065476190476,7.6413690476190474,0.23204235637779935
789,95,2060,6.3012202380952385,0.8952380952380953,7.833333333333333,0.19558890577507593
789,96,2074,1.9071502976190478,0.4973214285714286,3.7797619047619047,0.49543110236220467
789,97,2088,7.388813244047619,0.9118303571428571,9.767857142857142,0.24355842474101153
789,98,2102,31.356424851190475,1.863764880952381,26.897321428571427,-0.1657824343015215
789,99,2116,3.649133184523809,0.7670386904761906,4.769345238095238,0.2348775351014042
789,100,2130,3.940859375,0.7213541666666666,6.261904761904762,0.3706612404942966
789,101,2144,5.607072172619048,0.8069196428571429,8.770833333333334,0.3607138615541229
789,102,2158,11.008515625,1.1026041666666668,16.264880952380953,0.3231726898444648
789,103,2172,7.776860119047619,0.862797619047619,9.183035714285714,0.15312753200453733
789,104,2186,43.33033110119048,2.4854910714285716,43.486607142857146,0.0035936591041302313
789,105,2200,15.215100446428572,1.3258184523809524,14.769345238095237,-0.030181108312342664
789,106,2214,8.801871279761905,1.0679315476190476,11.732142857142858,0.24976439624556068
789,107,2228,17.46364955357143,1.298735119047619,13.526785714285714,-0.2910420792079209
789,108,2242,6.823500744047619,0.926264880952381,9.543154761904763,0.28498479650709496
789,109,2256,6.81954613095238,0.9694940476190477,9.005952380952381,0.2427734633179115
789,110,2270,7.104077380952382,1.0711309523809522,9.941964285714286,0.28544529262086515
789,111,2284,6.901019345238096,0.8968750000000001,9.505952380952381,0.274031778334377
789,112,2298,2.864360119047619,0.5595238095238095,4.007440476190476,0.28523950984032687
789,113,2312,4.375178571428571,0.7345238095238096,4.7961309523809526,0.08776915916847672
789,114,2326,5.039263392857142,0.7755952380952381,6.517857142857143,0.22685273972602749
789,115,2340,10.892704613095239,1.1896577380952382,8.950892857142858,-0.21694056525353278
789,116,2354,2.754434523809524,0.6200892857142857,3.5327380952380953,0.22031171019376572
789,117,2368,4.313582589285714,0.7392113095238095,5.720238095238095,0.24590855879292406
789,118,2382,2.5512276785714283,0.5834821428571428,3.462797619047619,0.2632466695315858
789,119,2396,4.0748251488095235,0.7688244047619047,5.2351190476190474,0.22163658328595792
789,120,2410,6.039590773809524,0.9480654761904762,7.824404761904762,0.228108596424496
789,121,2424,4.417447916666667,0.9084821428571429,6.598214285714286,0.3305085701398285
789,122,2438,3.29952380952381,0.6126488095238095,5.095238095238095,0.35242990654205597
789,123,2452,5.067232142857143,0.6431547619047618,8.230654761904763,0.3843464111372267
789,124,2466,3.2524888392857143,0.6517113095238095,4.497023809523809,0.27674636002647246
789,125,2480,5.09546875,0.8623511904761905,6.666666666666667,0.2356796875
789,126,2494,4.101759672619048,0.8107886904761905,7.732142857142857,0.4695183795227097
789,127,2508,3.167827380952381,0.7174107142857143,7.116071428571429,0.5548347971560017
789,128,2522,4.854014136904762,0.833407738095238,5.754464285714286,0.15647853633307474
789,129,2536,4.549877232142857,0.8060267857142857,5.800595238095238,0.2156189071318625
1024,0,730,32.14277901785714,1.7073660714285712,31.675595238095237,-0.014749013436061054
1024,1,744,20.14097470238095,1.3510416666666667,20.769345238095237,0.030254710897757442
1024,2,758,16.97286086309524,1.3401041666666667,18.230654761904763,0.06899334748183827
1024,3,772,5.772834821428571,0.8337797619047619,6.4523809523809526,0.10531711254612552
1024,4,786,2.034609375,0.489360119047619,2.4017857142857144,0.15287639405204467
1024,5,800,4.035040922619047,0.6436755952380953,4.436011904761905,0.0903899698087891
1024,6,814,3.2645870535714283,0.6780505952380952,3.5848214285714284,0.08933063511830641
1024,7,828,5.053009672619048,0.7136160714285714,7.114583333333333,0.2897673080945409
1024,8,842,4.334237351190477,0.6112351190476191,5.236607142857143,0.17231955100880936
1024,9,856,9.564419642857143,0.8980654761904762,11.553571428571429,0.17216769706336943
1024,10,870,2.2838058035714286,0.5125744047619047,3.6800595238095237,0.37941063485644966
1024,11,884,2.5607291666666665,0.5598214285714286,3.5208333333333335,0.2726923076923078
1024,12,898,2.2549479166666666,0.5235119047619048,3.212797619047619,0.2981357109773043
1024,13,912,2.353764880952381,0.5294642857142857,2.9375,0.1987183383991895
1024,14,926,4.192704613095238,0.7034970238095238,4.208333333333333,0.0037137553041018956
1024,15,940,4.419895833333333,0.7555059523809524,5.617559523809524,0.21319999999999995
1024,16,954,2.2606510416666667,0.5627232142857143,3.2782738095238093,0.3104142078983204
1024,17,968,3.474918154761905,0.6647321428571429,3.2604166666666665,-0.06578959379278881
1024,18,982,2.5655505952380953,0.5361607142857143,4.241071428571429,0.39507017543859657
1024,19,996,5.180115327380952,0.7463541666666667,4.552083333333333,-0.13796583850931676
1024,20,1010,4.959248511904762,0.762202380952381,5.586309523809524,0.11224960042621202
1024,21,1024,2.4812127976190474,0.5380952380952382,2.8660714285714284,0.1342808930425753
1024,22,1038,2.4092708333333333,0.5255952380952381,3.142857142857143,0.23341382575757574
1024,23,1052,2.7750706845238096,0.5412946428571429,3.361607142857143,0.17448096502877375
1024,24,1066,3.389877232142857,0.6655505952380952,4.086309523809524,0.17043062636562267
1024,25,1080,3.4163950892857144,0.6438244047619047,3.8050595238095237,0.10214411419632374
1024,26,1094,3.213169642857143,0.5836309523809524,4.398809523809524,0.2695365358592693
1024,27,1108,2.6359523809523813,0.5238095238095238,4.400297619047619,0.400960432871153
1024,28,1122,3.613735119047619,0.6311011904761905,4.855654761904762,0.2557676984370212
1024,29,1136,2.840372023809524,0.5537202380952382,4.465773809523809,0.3639686771076307
1024,30,1150,6.174914434523809,0.8408482142857142,5.385416666666667,-0.14659919867366655
1024,31,1164,1.9938578869047618,0.5198660714285714,3.2232142857142856,0.3814069713758079
1024,32,1178,2.1702790178571427,0.47686011904761905,2.1413690476190474,-0.013500694927032653
1024,33,1192,1.918954613095238,0.46450892857142856,2.5625,0.25113966318234615
1024,34,1206,1.3588318452380952,0.3950892857142857,2.2961309523809526,0.4082080362929359
1024,35,1220,2.083497023809524,0.5066964285714286,2.0654761904761907,-0.008724783861671526
1024,36,1234,2.2008184523809526,0.459375,3.193452380952381,0.310834109972041
1024,37,1248,1.0887239583333332,0.3491815476190476,1.6339285714285714,0.33367714025500916
1024,38,1262,1.443969494047619,0.38325892857142857,2.130952380952381,0.32238303072625696
1024,39,1276,1.5580394345238096,0.4331101190476191,2.3988095238095237,0.35049472704714635
1024,40,1290,1.7787276785714288,0.4376488095238096,3.4300595238095237,0.4814295010845986
1024,41,1304,2.0642633928571428,0.4574404761904762,3.3363095238095237,0.3812734165923283
1024,42,1318,2.050066964285714,0.5203869047619047,4.364583333333333,0.5302949198772589
1024,43,1332,1.4821949404761905,0.40773809523809523,1.8080357142857142,0.1802181069958847
1024,44,1346,1.869639136904762,0.49278273809523804,2.0,0.06518043154761899
1024,45,1360,3.3790773809523813,0.5688988095238096,2.9077380952380953,-0.1620982599795293
1024,46,1374,2.6522767857142857,0.5059523809523809,2.9449404761904763,0.09937847397675592
1024,47,1388,2.257109375,0.5051339285714286,2.3645833333333335,0.04545154185022027
1024,48,1402,2.5361793154761907,0.5302827380952382,2.863095238095238,0.11418269230769229
1024,49,1416,2.0821651785714286,0.4818452380952381,2.5535714285714284,0.18460664335664334
1024,50,1430,2.658526785714286,0.609077380952381,2.7827380952380953,0.044636363636363696
1024,51,1444,3.8626302083333335,0.5728422619047618,4.288690476190476,0.0993450728660652
1024,52,1458,3.345900297619048,0.7172619047619048,4.120535714285714,0.1879938605994943
1024,53,1472,3.1447991071428567,0.6306547619047619,3.0669642857142856,-0.02537845705967956
1024,54,1486,2.6898995535714283,0.5442708333333334,4.263392857142857,0.3690706806282723
1024,55,1500,5.264758184523809,0.8755208333333334,2.8601190476190474,-0.8407479188345472
1024,56,1514,4.254668898809524,0.6889136904761904,4.258928571428571,0.0010001747030047303
1024,57,1528,3.7943563988095237,0.6238839285714286,3.611607142857143,-0.050600535640708655
1024,58,1542,3.1162239583333333,0.5378720238095238,3.0625,-0.01754251700680265
1024,59,1556,2.194263392857143,0.46904761904761905,2.168154761904762,-0.01204186684969133
1024,60,1570,3.626737351190476,0.6014136904761904,3.581845238095238,-0.012533236393851288
1024,61,1584,3.2450520833333334,0.590625,3.1666666666666665,-0.02475328947368438
1024,62,1598,4.9500223214285715,0.6758928571428571,4.904761904761905,-0.009227851941747467
1024,63,1612,3.6766666666666663,0.6127976190476191,4.308035714285714,0.1465561312607946
1024,64,1626,3.2174851190476192,0.6452380952380952,4.127976190476191,0.2205659697188176
1024,65,1640,2.6233779761904765,0.5040178571428571,4.194940476190476,0.37463284852784673
1024,66,1654,3.0600744047619046,0.6418154761904762,4.96875,0.38413596885295
1024,67,1668,2.95686755952381,0.6135416666666667,5.037202380952381,0.41299409158050215
1024,68,1682,4.504933035714286,0.8047619047619047,5.434523809523809,0.1710528477546549
1024,69,1696,2.371886160714286,0.5625744047619048,3.8363095238095237,0.38172711404189286
1024,70,1710,5.847667410714286,0.9149553571428571,5.700892857142857,-0.025745888801879557
1024,71,1724,3.791577380952381,0.6071428571428571,4.763392857142857,0.20401749453295837
1024,72,1738,8.755885416666667,0.9767857142857143,10.450892857142858,0.16218781147657702
1024,73,1752,2.0188132440476187,0.483110119047619,2.9330357142857144,0.3116983764586506
1024,74,1766,6.503251488095239,0.7528273809523809,5.072916666666667,-0.28195511880316815
1024,75,1780,2.8159635416666666,0.5956101190476191,3.3764880952380953,0.1660081533715293
1024,76,1794,5.147745535714286,0.6620535714285714,3.550595238095238,-0.44982606873428344
1024,77,1808,3.7432700892857143,0.6694196428571428,5.190476190476191,0.2788195240825688
1024,78,1822,3.3689880952380955,0.6971726190476191,6.363095238095238,0.47054256314312437
1024,79,1836,6.914642857142858,0.9424107142857142,9.25,0.25247104247104235
1024,80,1850,7.980773809523809,0.9055059523809523,11.47172619047619,0.30430924892982225
1024,81,1864,4.539542410714286,0.7793898809523809,7.760416666666667,0.41503883029721955
1024,82,1878,5.107942708333333,0.8506696428571429,7.822916666666667,0.3470539280958722
1024,83,1892,3.8986197916666665,0.6356398809523809,7.589285714285714,0.48629950980392156
1024,84,1906,3.0870944940476193,0.6909970238095239,5.229166666666667,0.4096392999430848
1024,85,1920,3.5383519345238095,0.7715029761904763,7.912202380952381,0.5527981004325748
1024,86,1934,4.2251264880952375,0.6766369047619047,5.5476190476190474,0.23838921673819746
1024,87,1948,2.4687276785714287,0.5828869047619047,5.002976190476191,0.5065481856038072
1024,88,1962,2.6923958333333333,0.6651785714285714,5.474702380952381,0.5082114705082903
1024,89,1976,9.910591517857144,1.1753720238095238,4.822916666666667,-1.0548958654736196
1024,90,1990,3.356090029761905,0.7244791666666667,5.918154761904762,0.43291614282122204
1024,91,2004,5.654081101190476,0.9732886904761904,6.8913690476190474,0.17954167566400347
1024,92,2018,6.110736607142857,0.9386904761904761,7.175595238095238,0.1484000414765657
1024,93,2032,8.171298363095238,1.0795386904761906,9.300595238095237,0.12142199999999992
1024,94,2046,6.8578422619047625,0.9808035714285714,7.6413690476190474,0.10253748782862693
1024,95,2060,6.76174107142857,0.9372023809523808,7.833333333333333,0.1367990121580548
1024,96,2074,3.159520089285714,0.5994791666666667,3.7797619047619047,0.1640954724409449
1024,97,2088,8.906276041666667,1.0359375,9.767857142857142,0.08820574344911636
1024,98,2102,46.566517857142856,2.339136904761905,26.897321428571427,-0.7312697095435685
1024,99,2116,3.1489732142857143,0.6992559523809524,4.769345238095238,0.3397472698907956
1024,100,2130,5.312131696428572,0.8116815476190476,6.261904761904762,0.15167478612167296
1024,101,2144,5.901592261904762,0.8218749999999999,8.770833333333334,0.32713437393959965
1024,102,2158,13.81500744047619,1.1741071428571428,16.264880952380953,0.15062351326623968
1024,103,2172,7.674397321428571,0.899702380952381,9.183035714285714,0.16428536703937768
1024,104,2186,40.86885788690476,2.329985119047619,43.486607142857146,0.06019667727474942
1024,105,2200,13.628541666666665,1.2569940476190478,14.769345238095237,0.0772413098236776
1024,106,2214,6.717135416666666,0.9380952380952381,11.732142857142858,0.42745877727042114
1024,107,2228,11.163924851190476,1.0276041666666667,13.526785714285714,0.17468014301430135
1024,108,2242,8.126517857142858,1.0016369047619047,9.543154761904763,0.14844534539217213
1024,109,2256,11.076242559523811,1.1913690476190477,9.005952380952381,-0.22988020489094518
1024,110,2270,8.024479166666666,1.0163690476190477,9.941964285714286,0.1928678341565635
1024,111,2284,6.513418898809523,0.8698660714285713,9.505952380952381,0.3148062773951159
1024,112,2298,2.7697358630952382,0.5685267857142857,4.007440476190476,0.30885165243223167
1024,113,2312,4.404854910714286,0.7502232142857144,4.7961309523809526,0.08158160099286382
1024,114,2326,5.0755357142857145,0.7819940476190477,6.517857142857143,0.22128767123287674
1024,115,2340,7.029043898809523,0.9429315476190476,8.950892857142858,0.21471030756442233
1024,116,2354,3.458872767857143,0.6651041666666666,3.5327380952380953,0.02090880370682391
1024,117,2368,4.670870535714285,0.7854166666666667,5.720238095238095,0.18344823100936525
1024,118,2382,2.7515252976190476,0.5845238095238096,3.462797619047619,0.2054039535883111
1024,119,2396,3.5839285714285714,0.7251488095238096,5.2351190476190474,0.31540648095508816
1024,120,2410,5.819263392857143,0.9233630952380952,7.824404761904762,0.25626759224039564
1024,121,2424,9.348020833333333,1.2351190476190477,6.598214285714286,-0.41675011276499774
1024,122,2438,3.368932291666667,0.6213541666666667,5.095238095238095,0.3388076810747662
1024,123,2452,6.19571056547619,0.7206101190476191,8.230654761904763,0.24723964924968367
1024,124,2466,3.3485863095238093,0.634077380952381,4.497023809523809,0.2553772336201191
1024,125,2480,4.452328869047619,0.8188988095238094,6.666666666666667,0.3321506696428571
1024,126,2494,4.406982886904762,0.8231398809523809,7.732142857142857,0.4300437836797536
1024,127,2508,4.566622023809524,0.830654761904762,7.116071428571429,0.3582664157256378
1024,128,2522,3.7233556547619053,0.6958333333333334,5.754464285714286,0.3529622446340832
1024,129,2536,5.014151785714286,0.8688988095238095,5.800595238095238,0.1355797845048743
