run_id,fold_id,t_end,mse,rmse,mae,naive_mse,skill_vs_naive,worst_h,worst_h_mse,stage1_signature,stage1_reused,full_refit,scenario,epoch_profile
RUN_S03_MLP_BASELINE_011_E05_CAP_200_300,25,1080,763.4657592773438,27.630884170532227,10.028273582458496,3.8050594329833984,-199.6448973331121,4,853.6458129882812,,False,False,S03_MLP_BASELINE_011,E05_CAP_200_300
RUN_S02_MLP_BASELINE_008_E05_CAP_200_300,25,1080,762.3883666992188,27.61138153076172,9.888392448425291,3.8050594329833984,-199.36174996127716,4,852.8958129882812,,False,False,S02_MLP_BASELINE_008,E05_CAP_200_300
RUN_S01_TS_LATENT_BASELINE_ALIAS_E05_CAP_200_300,25,1080,758.5133666992188,27.541120529174805,9.71875,3.8050594329833984,-198.34336902183367,4,848.3125,,False,False,S01_TS_LATENT_BASELINE_ALIAS,E05_CAP_200_300
RUN_S03_MLP_BASELINE_011_E02_CAP_200_200,25,1080,664.9151611328125,25.78594970703125,7.766368865966797,3.8050594329833984,-173.74501327604193,4,737.4166870117188,,False,False,S03_MLP_BASELINE_011,E02_CAP_200_200
RUN_S03_MLP_BASELINE_011_E03_CAP_300_300,25,1080,607.74853515625,24.65255546569824,7.653273582458496,3.8050594329833984,-158.72116752976396,7,727.875,,False,False,S03_MLP_BASELINE_011,E03_CAP_300_300
RUN_S03_MLP_BASELINE_011_E03_CAP_300_300,57,1528,564.1011962890625,23.75081443786621,8.392857551574707,3.611607074737549,-155.19118708533793,4,628.5208129882812,,False,False,S03_MLP_BASELINE_011,E03_CAP_300_300
RUN_S02_MLP_BASELINE_008_E03_CAP_300_300,57,1528,547.6681518554688,23.40231132507324,7.766368865966797,3.611607074737549,-150.64112278057468,11,623.8541870117188,,False,False,S02_MLP_BASELINE_008,E03_CAP_300_300
RUN_S01_TS_LATENT_BASELINE_ALIAS_E03_CAP_300_300,57,1528,531.577392578125,23.05596160888672,7.023809432983398,3.611607074737549,-146.18583211789564,11,621.2708129882812,,False,False,S01_TS_LATENT_BASELINE_ALIAS,E03_CAP_300_300
RUN_S02_MLP_BASELINE_008_E04_CAP_300_200,25,1080,530.7544555664062,23.038108825683594,7.572916507720947,3.8050594329833984,-138.48650866413996,4,848.2291870117188,,False,False,S02_MLP_BASELINE_008,E04_CAP_300_200
RUN_S02_MLP_BASELINE_008_E03_CAP_300_300,25,1080,527.93896484375,22.9769229888916,7.346726417541504,3.8050594329833984,-137.74657522229913,4,823.5625,,False,False,S02_MLP_BASELINE_008,E03_CAP_300_300
RUN_S03_MLP_BASELINE_011_E05_CAP_200_300,57,1528,514.1875,22.675703048706055,7.4464287757873535,3.611607074737549,-141.3708308682404,4,621.5208129882812,,False,False,S03_MLP_BASELINE_011,E05_CAP_200_300
RUN_S01_TS_LATENT_BASELINE_ALIAS_E03_CAP_300_300,25,1080,508.171142578125,22.542652130126953,6.739583492279053,3.8050594329833984,-132.55143369723606,4,866.4166870117188,,False,False,S01_TS_LATENT_BASELINE_ALIAS,E03_CAP_300_300
RUN_S01_TS_LATENT_BASELINE_ALIAS_E01_CAP_100_100,25,1080,427.9747009277344,20.687549591064453,6.418154716491699,3.8050594329833984,-111.47516851324872,6,747.625,,False,False,S01_TS_LATENT_BASELINE_ALIAS,E01_CAP_100_100
RUN_S03_MLP_BASELINE_011_E02_CAP_200_200,57,1528,424.6889953613281,20.60798454284668,5.733631134033203,3.611607074737549,-116.59003307196416,10,608.6666870117188,,False,False,S03_MLP_BASELINE_011,E02_CAP_200_200
RUN_S03_MLP_BASELINE_011_E04_CAP_300_200,25,1080,329.84375,18.16160011291504,4.123511791229248,3.8050594329833984,-85.68557109537245,9,543.4583129882812,,False,False,S03_MLP_BASELINE_011,E04_CAP_300_200
RUN_S02_MLP_BASELINE_008_E02_CAP_200_200,25,1080,288.391357421875,16.98208999633789,4.793154716491699,3.8050594329833984,-74.79155135449713,3,624.0208129882812,,False,False,S02_MLP_BASELINE_008,E02_CAP_200_200
RUN_S01_TS_LATENT_BASELINE_ALIAS_E04_CAP_300_200,25,1080,258.9985046386719,16.093429565429688,4.028273582458496,3.8050594329833984,-67.06687495958539,0,478.2291564941406,,False,False,S01_TS_LATENT_BASELINE_ALIAS,E04_CAP_300_200
RUN_S02_MLP_BASELINE_008_E05_CAP_200_300,57,1528,232.19940185546875,15.23809051513672,4.684523582458496,3.611607074737549,-63.29254264110179,0,620.8541870117188,,False,False,S02_MLP_BASELINE_008,E05_CAP_200_300
RUN_S03_MLP_BASELINE_011_E01_CAP_100_100,25,1080,162.8199462890625,12.760091781616213,4.177083492279053,3.8050594329833984,-41.79038189987002,1,320.2083435058594,,False,False,S03_MLP_BASELINE_011,E01_CAP_100_100
RUN_S01_TS_LATENT_BASELINE_ALIAS_E02_CAP_200_200,25,1080,154.45684814453125,12.428067207336426,3.0520832538604736,3.8050594329833984,-39.59249293339622,2,765.125,,False,False,S01_TS_LATENT_BASELINE_ALIAS,E02_CAP_200_200
RUN_S05_GRU_H64_L1_E03_CAP_300_300,25,1080,133.70387268066406,11.56303882598877,4.510416507720947,3.8050594329833984,-34.13844528200499,11,299.5208435058594,,False,False,S05_GRU_H64_L1,E03_CAP_300_300
RUN_S02_MLP_BASELINE_008_E02_CAP_200_200,57,1528,118.58631134033205,10.889734268188477,3.6666667461395264,3.611607074737549,-31.83477656520804,0,521.3958129882812,,False,False,S02_MLP_BASELINE_008,E02_CAP_200_200
RUN_S03_MLP_BASELINE_011_E04_CAP_300_200,57,1528,116.83036041259766,10.808809280395508,3.4583332538604736,3.611607074737549,-31.3485800074438,0,616.7291870117188,,False,False,S03_MLP_BASELINE_011,E04_CAP_300_200
RUN_S02_MLP_BASELINE_008_E01_CAP_100_100,57,1528,116.2202377319336,10.78054904937744,2.345238208770752,3.611607074737549,-31.179646159425907,13,605.4791870117188,,False,False,S02_MLP_BASELINE_008,E01_CAP_100_100
RUN_S05_GRU_H64_L1_E04_CAP_300_200,25,1080,93.54911041259766,9.672079086303713,3.78125,3.8050594329833984,-23.58545314737685,11,228.8125,,False,False,S05_GRU_H64_L1,E04_CAP_300_200
RUN_S16_REG_LATENT16_E04_CAP_300_200,57,1528,92.5654754638672,9.621095657348633,3.669642925262451,3.611607074737549,-24.629996161914654,13,160.125,,False,False,S16_REG_LATENT16,E04_CAP_300_200
RUN_S16_REG_LATENT16_E02_CAP_200_200,57,1528,90.16220092773438,9.49537754058838,3.126488208770752,3.611607074737549,-23.964565375453073,13,375.5416564941406,,False,False,S16_REG_LATENT16,E02_CAP_200_200
RUN_S02_MLP_BASELINE_008_E04_CAP_300_200,57,1528,87.98362731933594,9.379959106445312,2.909226179122925,3.611607074737549,-23.36135091626201,0,627.6666870117188,,False,False,S02_MLP_BASELINE_008,E04_CAP_300_200
RUN_S02_MLP_BASELINE_008_E05_CAP_200_300,105,2200,78.2827377319336,8.847753524780273,2.752976179122925,14.7693452835083,-4.300352603940095,11,194.8541717529297,,False,False,S02_MLP_BASELINE_008,E05_CAP_200_300
RUN_S04_GRU_H32_L1_E03_CAP_300_300,25,1080,76.22470092773438,8.73067569732666,3.403273820877075,3.8050594329833984,-19.03246001021581,11,198.7291717529297,,False,False,S04_GRU_H32_L1,E03_CAP_300_300
RUN_S14_VAR_BASELINE_015_E04_CAP_300_200,25,1080,73.89881134033203,8.596442222595215,3.205357074737549,3.8050594329833984,-18.421197655877577,11,191.7916717529297,,False,False,S14_VAR_BASELINE_015,E04_CAP_300_200
RUN_S03_MLP_BASELINE_011_E01_CAP_100_100,105,2200,66.4672622680664,8.152745246887207,2.877976179122925,14.7693452835083,-3.5003526555970543,11,167.7291717529297,,False,False,S03_MLP_BASELINE_011,E01_CAP_100_100
RUN_S08_GRU_BASELINE_013_E03_CAP_300_300,25,1080,65.82291412353516,8.11313247680664,3.138392925262451,3.8050594329833984,-16.29878738633157,11,162.8125,,False,False,S08_GRU_BASELINE_013,E03_CAP_300_300
RUN_S01_TS_LATENT_BASELINE_ALIAS_E01_CAP_100_100,104,2186,65.43006134033203,8.088885307312012,3.0252976417541504,43.48660659790039,-0.5046025997229939,11,126.70833587646484,d5bb21c840961b2411ff,False,True,S01_TS_LATENT_BASELINE_ALIAS,E01_CAP_100_100
RUN_S02_MLP_BASELINE_008_E01_CAP_100_100,104,2186,64.97916412353516,8.060965538024902,3.044642925262451,43.48660659790039,-0.494233954016372,11,126.0,d5bb21c840961b2411ff,True,True,S02_MLP_BASELINE_008,E01_CAP_100_100
RUN_S02_MLP_BASELINE_008_E05_CAP_200_300,104,2186,64.9389877319336,8.058472633361816,2.950892925262451,43.48660659790039,-0.4933100743498566,11,136.25,2f95f19381b5235ee32b,False,True,S02_MLP_BASELINE_008,E05_CAP_200_300
RUN_S03_MLP_BASELINE_011_E01_CAP_100_100,104,2186,64.44493865966797,8.02776050567627,3.034226179122925,43.48660659790039,-0.4819491264415991,11,122.14583587646484,d5bb21c840961b2411ff,True,True,S03_MLP_BASELINE_011,E01_CAP_100_100
RUN_S02_MLP_BASELINE_008_E01_CAP_100_100,105,2200,64.17112731933594,8.010688781738281,2.7604167461395264,14.7693452835083,-3.3448863905288,11,165.2291717529297,,False,False,S02_MLP_BASELINE_008,E01_CAP_100_100
RUN_S15_GRU_LATENT_DYNAMICS_E05_CAP_200_300,98,2102,63.876487731933594,7.992276668548584,2.6800594329833984,26.897321701049805,-1.3748270717021054,11,133.5625,3376930c61e0f808aa09,False,True,S15_GRU_LATENT_DYNAMICS,E05_CAP_200_300
RUN_S17_GRU_DYNAMICS_REG_LATENT16_E03_CAP_300_300,57,1528,63.095237731933594,7.943251132965088,2.5386905670166016,3.611607074737549,-16.47012795862314,13,134.7083282470703,,False,False,S17_GRU_DYNAMICS_REG_LATENT16,E03_CAP_300_300
RUN_S16_REG_LATENT16_E05_CAP_200_300,57,1528,58.90625,7.6750407218933105,2.6354167461395264,3.611607074737549,-15.310259887360711,13,121.75,,False,False,S16_REG_LATENT16,E05_CAP_200_300
RUN_S05_GRU_H64_L1_E04_CAP_300_200,98,2102,57.2023811340332,7.563225746154785,2.5535714626312256,26.897321701049805,-1.1266943143934136,11,110.5625,dd8fe5523b9cd8f39335,True,True,S05_GRU_H64_L1,E04_CAP_300_200
RUN_S04_GRU_H32_L1_E04_CAP_300_200,98,2102,55.48660659790039,7.448933124542236,2.4776785373687744,26.897321701049805,-1.0629045231568446,10,113.4375,dd8fe5523b9cd8f39335,False,True,S04_GRU_H32_L1,E04_CAP_300_200
RUN_S09_HORIZON_LINEAR_E04_CAP_300_200,98,2102,55.02083206176758,7.417603015899658,2.4583332538604736,26.897321701049805,-1.0455877604951316,11,112.85416412353516,dd8fe5523b9cd8f39335,True,True,S09_HORIZON_LINEAR,E04_CAP_300_200
RUN_S04_GRU_H32_L1_E04_CAP_300_200,25,1080,52.875,7.271519660949707,2.925595283508301,3.8050594329833984,-12.895972173696846,11,138.5625,,False,False,S04_GRU_H32_L1,E04_CAP_300_200
RUN_S14_VAR_BASELINE_015_E01_CAP_100_100,98,2102,51.9836311340332,7.209967613220215,2.3645832538604736,26.897321701049805,-0.9326694200933872,11,108.4375,,False,False,S14_VAR_BASELINE_015,E01_CAP_100_100
RUN_S16_REG_LATENT16_E01_CAP_100_100,98,2102,50.6086311340332,7.113974571228027,2.3705356121063232,26.897321701049805,-0.8815490886610449,11,104.85416412353516,,False,False,S16_REG_LATENT16,E01_CAP_100_100
RUN_S15_GRU_LATENT_DYNAMICS_E04_CAP_300_200,104,2186,50.0773811340332,7.076537132263184,2.6964285373687744,43.48660659790039,-0.1515587223688093,5,104.79166412353516,,False,False,S15_GRU_LATENT_DYNAMICS,E04_CAP_300_200
RUN_S02_MLP_BASELINE_008_E02_CAP_200_200,104,2186,48.918155670166016,6.994151592254639,2.65625,43.48660659790039,-0.1249016535709151,11,101.25,,False,False,S02_MLP_BASELINE_008,E02_CAP_200_200
RUN_S01_TS_LATENT_BASELINE_ALIAS_E02_CAP_200_200,104,2186,48.76339340209961,6.983078956604004,2.6294643878936768,43.48660659790039,-0.1213428045326947,11,101.39583587646484,,False,False,S01_TS_LATENT_BASELINE_ALIAS,E02_CAP_200_200
RUN_S02_MLP_BASELINE_008_E01_CAP_100_100,25,1080,48.64731979370117,6.974762916564941,2.200892925262451,3.8050594329833984,-11.784904060107865,8,102.5625,,False,False,S02_MLP_BASELINE_008,E01_CAP_100_100
RUN_S03_MLP_BASELINE_011_E02_CAP_200_200,104,2186,48.59821319580078,6.9712419509887695,2.622023820877075,43.48660659790039,-0.117544388900356,11,101.04166412353516,,False,False,S03_MLP_BASELINE_011,E02_CAP_200_200
RUN_S01_TS_LATENT_BASELINE_ALIAS_E05_CAP_200_300,104,2186,48.556549072265625,6.968253135681152,2.625,43.48660659790039,-0.1165862979662804,11,101.39583587646484,,False,False,S01_TS_LATENT_BASELINE_ALIAS,E05_CAP_200_300
RUN_S03_MLP_BASELINE_011_E05_CAP_200_300,104,2186,47.99256134033203,6.927666187286377,2.6026785373687744,43.48660659790039,-0.1036170695979115,11,99.375,,False,False,S03_MLP_BASELINE_011,E05_CAP_200_300
RUN_S07_GRU_H32_L1_LR1E4_E03_CAP_300_300,98,2102,47.157737731933594,6.867149353027344,2.372023820877075,26.897321701049805,-0.7532503145133973,11,91.27083587646484,,False,False,S07_GRU_H32_L1_LR1E4,E03_CAP_300_300
RUN_S01_TS_LATENT_BASELINE_ALIAS_E04_CAP_300_200,57,1528,47.05506134033203,6.859669208526611,1.194940447807312,3.611607074737549,-12.02884294071538,0,598.3333129882812,,False,False,S01_TS_LATENT_BASELINE_ALIAS,E04_CAP_300_200
RUN_S15_GRU_LATENT_DYNAMICS_E03_CAP_300_300,104,2186,46.99106979370117,6.855003356933594,2.5416667461395264,43.48660659790039,-0.0805871846521586,11,98.9375,,False,False,S15_GRU_LATENT_DYNAMICS,E03_CAP_300_300
RUN_S08_GRU_BASELINE_013_E05_CAP_200_300,98,2102,46.62946319580078,6.828577041625977,2.263392925262451,26.897321701049805,-0.7336099004229417,11,94.08333587646484,,False,False,S08_GRU_BASELINE_013,E05_CAP_200_300
RUN_S09_HORIZON_LINEAR_E04_CAP_300_200,25,1080,46.6086311340332,6.827051639556885,2.096726179122925,3.8050594329833984,-11.249120402697416,11,118.6875,,False,False,S09_HORIZON_LINEAR,E04_CAP_300_200
RUN_S09_HORIZON_LINEAR_E02_CAP_200_200,98,2102,45.904762268066406,6.775305271148682,2.294642925262451,26.897321701049805,-0.7066666628846818,11,96.375,,False,False,S09_HORIZON_LINEAR,E02_CAP_200_200
RUN_S09_HORIZON_LINEAR_E01_CAP_100_100,104,2186,45.52083206176758,6.746912956237793,2.5089285373687744,43.48660659790039,-0.0467782065102637,5,96.95833587646484,d5bb21c840961b2411ff,True,True,S09_HORIZON_LINEAR,E01_CAP_100_100
RUN_S17_GRU_DYNAMICS_REG_LATENT16_E05_CAP_200_300,104,2186,45.474700927734375,6.74349308013916,2.465773820877075,43.48660659790039,-0.0457173940523096,11,99.58333587646484,,False,False,S17_GRU_DYNAMICS_REG_LATENT16,E05_CAP_200_300
RUN_S02_MLP_BASELINE_008_E04_CAP_300_200,104,2186,45.474700927734375,6.74349308013916,2.450892925262451,43.48660659790039,-0.0457173940523096,11,96.0625,,False,False,S02_MLP_BASELINE_008,E04_CAP_300_200
RUN_S07_GRU_H32_L1_LR1E4_E02_CAP_200_200,104,2186,44.78868865966797,6.692435264587402,2.482142925262451,43.48660659790039,-0.0299421399744364,5,97.3125,,False,False,S07_GRU_H32_L1_LR1E4,E02_CAP_200_200
RUN_S11_LATENT16_E03_CAP_300_300,104,2186,44.69643020629883,6.6855387687683105,2.452380895614624,43.48660659790039,-0.0278206027797269,5,95.875,,False,False,S11_LATENT16,E03_CAP_300_300
RUN_S15_GRU_LATENT_DYNAMICS_E02_CAP_200_200,98,2102,44.636905670166016,6.681085586547852,2.217261791229248,26.897321701049805,-0.6595297541622456,11,80.35416412353516,,False,False,S15_GRU_LATENT_DYNAMICS,E02_CAP_200_200
RUN_S01_TS_LATENT_BASELINE_ALIAS_E03_CAP_300_300,104,2186,44.092262268066406,6.640200614929199,2.4285714626312256,43.48660659790039,-0.0139274070236434,11,91.5625,,False,False,S01_TS_LATENT_BASELINE_ALIAS,E03_CAP_300_300
RUN_S06_GRU_H32_L2_E05_CAP_200_300,57,1528,44.050594329833984,6.637062072753906,2.125,3.611607074737549,-11.196950946839944,11,100.02083587646484,,False,False,S06_GRU_H32_L2,E05_CAP_200_300
RUN_S08_GRU_BASELINE_013_E02_CAP_200_200,104,2186,43.97321319580078,6.631230354309082,2.4761905670166016,43.48660659790039,-0.0111898038492588,5,96.29166412353516,,False,False,S08_GRU_BASELINE_013,E02_CAP_200_200
RUN_S16_REG_LATENT16_E02_CAP_200_200,98,2102,43.91666793823242,6.626965045928955,2.2113094329833984,26.897321701049805,-0.6327524512047737,11,86.45833587646484,,False,False,S16_REG_LATENT16,E02_CAP_200_200
RUN_S17_GRU_DYNAMICS_REG_LATENT16_E01_CAP_100_100,104,2186,43.77381134033203,6.616178035736084,2.4017856121063232,43.48660659790039,-0.0066044413418431,4,89.0625,,False,False,S17_GRU_DYNAMICS_REG_LATENT16,E01_CAP_100_100
RUN_S10_DYNP14_E05_CAP_200_300,104,2186,43.48214340209961,6.594099044799805,2.4791667461395264,43.48660659790039,0.0001026338026797,11,90.5,,False,False,S10_DYNP14,E05_CAP_200_300
RUN_S12_DYNP14_LATENT16_E01_CAP_100_100,104,2186,43.404762268066406,6.588229179382324,2.404761791229248,43.48660659790039,0.00188205832179,11,90.22916412353516,,False,False,S12_DYNP14_LATENT16,E01_CAP_100_100
RUN_S12_DYNP14_LATENT16_E05_CAP_200_300,104,2186,43.36160659790039,6.5849528312683105,2.4419643878936768,43.48660659790039,0.0028744482446242,11,90.22916412353516,,False,False,S12_DYNP14_LATENT16,E05_CAP_200_300
RUN_S03_MLP_BASELINE_011_E03_CAP_300_300,104,2186,43.275299072265625,6.578396320343018,2.4002976417541504,43.48660659790039,0.0048591403690939,11,88.9375,,False,False,S03_MLP_BASELINE_011,E03_CAP_300_300
RUN_S16_REG_LATENT16_E01_CAP_100_100,104,2186,43.212799072265625,6.573644161224365,2.438988208770752,43.48660659790039,0.0062963644914061,5,88.1875,,False,False,S16_REG_LATENT16,E01_CAP_100_100
RUN_S06_GRU_H32_L2_E02_CAP_200_200,104,2186,43.18303680419922,6.571380138397217,2.4270832538604736,43.48660659790039,0.0069807652850022,5,88.64583587646484,,False,False,S06_GRU_H32_L2,E02_CAP_200_200
RUN_S02_MLP_BASELINE_008_E03_CAP_300_300,104,2186,43.10714340209961,6.565603256225586,2.3839285373687744,43.48660659790039,0.0087259785365525,4,89.70833587646484,,False,False,S02_MLP_BASELINE_008,E03_CAP_300_300
RUN_S12_DYNP14_LATENT16_E03_CAP_300_300,104,2186,43.08333206176758,6.563789367675781,2.4107143878936768,43.48660659790039,0.0092735342599089,11,89.29166412353516,,False,False,S12_DYNP14_LATENT16,E03_CAP_300_300
RUN_S16_REG_LATENT16_E04_CAP_300_200,98,2102,43.068450927734375,6.562655925750732,2.232142925262451,26.897321701049805,-0.6012170805115296,5,87.54166412353516,,False,False,S16_REG_LATENT16,E04_CAP_300_200
RUN_S15_GRU_LATENT_DYNAMICS_E01_CAP_100_100,104,2186,42.99553680419922,6.557098388671875,2.4300594329833984,43.48660659790039,0.0112924376519385,5,90.39583587646484,,False,False,S15_GRU_LATENT_DYNAMICS,E01_CAP_100_100
RUN_S13_DYNP14_LATENT16_HLINEAR_E05_CAP_200_300,104,2186,42.96131134033203,6.554487705230713,2.425595283508301,43.48660659790039,0.0120794722482144,11,89.875,,False,False,S13_DYNP14_LATENT16_HLINEAR,E05_CAP_200_300
RUN_S10_DYNP14_E01_CAP_100_100,104,2186,42.83631134033203,6.54494571685791,2.3839285373687744,43.48660659790039,0.0149539204928387,4,89.79166412353516,,False,False,S10_DYNP14,E01_CAP_100_100
RUN_S17_GRU_DYNAMICS_REG_LATENT16_E03_CAP_300_300,104,2186,42.75297546386719,6.538576126098633,2.4136905670166016,43.48660659790039,0.0168702778033874,5,90.72916412353516,,False,False,S17_GRU_DYNAMICS_REG_LATENT16,E03_CAP_300_300
RUN_S14_VAR_BASELINE_015_E02_CAP_200_200,98,2102,42.66071319580078,6.531517028808594,2.1488094329833984,26.897321701049805,-0.5860580346977717,11,88.95833587646484,,False,False,S14_VAR_BASELINE_015,E02_CAP_200_200
RUN_S01_TS_LATENT_BASELINE_ALIAS_E01_CAP_100_100,105,2200,42.55356979370117,6.523309707641602,2.309523820877075,14.7693452835083,-1.8812089484573975,11,116.8125,b1c55cb13d93d5cdb84d,False,True,S01_TS_LATENT_BASELINE_ALIAS,E01_CAP_100_100
RUN_S17_GRU_DYNAMICS_REG_LATENT16_E04_CAP_300_200,104,2186,42.5476188659668,6.522853374481201,2.377976179122925,43.48660659790039,0.0215925731022418,4,88.1875,,False,False,S17_GRU_DYNAMICS_REG_LATENT16,E04_CAP_300_200
RUN_S08_GRU_BASELINE_013_E01_CAP_100_100,104,2186,42.54464340209961,6.52262544631958,2.422619104385376,43.48660659790039,0.0216609956373615,5,87.8125,,False,False,S08_GRU_BASELINE_013,E01_CAP_100_100
RUN_S13_DYNP14_LATENT16_HLINEAR_E02_CAP_200_200,104,2186,42.49702453613281,6.518974304199219,2.4107143878936768,43.48660659790039,0.0227560193628756,5,87.97916412353516,,False,False,S13_DYNP14_LATENT16_HLINEAR,E02_CAP_200_200
RUN_S05_GRU_H64_L1_E05_CAP_200_300,98,2102,42.4836311340332,6.517946720123291,2.174107074737549,26.897321701049805,-0.5794744029244765,11,84.60416412353516,,False,False,S05_GRU_H64_L1,E05_CAP_200_300
RUN_S07_GRU_H32_L1_LR1E4_E04_CAP_300_200,104,2186,42.474700927734375,6.517261981964111,2.358630895614624,43.48660659790039,0.0232693638186721,5,107.4375,,False,False,S07_GRU_H32_L1_LR1E4,E04_CAP_300_200
RUN_S10_DYNP14_E02_CAP_200_200,104,2186,42.39285659790039,6.510979652404785,2.386904716491699,43.48660659790039,0.0251514221404621,4,88.1875,,False,False,S10_DYNP14,E02_CAP_200_200
RUN_S10_DYNP14_E04_CAP_300_200,104,2186,42.369049072265625,6.509150981903076,2.377976179122925,43.48660659790039,0.0256988901426197,11,88.4375,,False,False,S10_DYNP14,E04_CAP_300_200
RUN_S03_MLP_BASELINE_011_E01_CAP_100_100,93,2032,42.282737731933594,6.5025177001953125,2.4464285373687744,9.3005952835083,-3.5462399387390624,11,110.25,e36d86fe774aae2036d9,True,True,S03_MLP_BASELINE_011,E01_CAP_100_100
RUN_S13_DYNP14_LATENT16_HLINEAR_E01_CAP_100_100,104,2186,42.21577453613281,6.497366905212402,2.424107074737549,43.48660659790039,0.0292235279132802,4,87.5625,,False,False,S13_DYNP14_LATENT16_HLINEAR,E01_CAP_100_100
RUN_S07_GRU_H32_L1_LR1E4_E01_CAP_100_100,104,2186,42.07589340209961,6.486593246459961,2.3645832538604736,43.48660659790039,0.0324401765547025,4,88.1875,,False,False,S07_GRU_H32_L1_LR1E4,E01_CAP_100_100
RUN_S11_LATENT16_E01_CAP_100_100,98,2102,42.04464340209961,6.484184265136719,2.125,26.897321701049805,-0.5631535313963474,5,82.77083587646484,,False,False,S11_LATENT16,E01_CAP_100_100
RUN_S13_DYNP14_LATENT16_HLINEAR_E03_CAP_300_300,104,2186,41.99702453613281,6.48051118850708,2.3660714626312256,43.48660659790039,0.0342538123413727,4,88.14583587646484,,False,False,S13_DYNP14_LATENT16_HLINEAR,E03_CAP_300_300
RUN_S05_GRU_H64_L1_E01_CAP_100_100,104,2186,41.99106979370117,6.480051517486572,2.4017856121063232,43.48660659790039,0.0343907451328112,5,86.875,,False,False,S05_GRU_H64_L1,E01_CAP_100_100
RUN_S05_GRU_H64_L1_E01_CAP_100_100,98,2102,41.90327453613281,6.473273754119873,2.1622023582458496,26.897321701049805,-0.5578976599182113,11,84.66666412353516,,False,False,S05_GRU_H64_L1,E01_CAP_100_100
RUN_S08_GRU_BASELINE_013_E03_CAP_300_300,98,2102,41.86160659790039,6.470054626464844,2.138392925262451,26.897321701049805,-0.5563485116909066,11,77.6875,,False,False,S08_GRU_BASELINE_013,E03_CAP_300_300
RUN_S11_LATENT16_E01_CAP_100_100,104,2186,41.81993865966797,6.466833591461182,2.3675594329833984,43.48660659790039,0.0383260058353895,5,91.41666412353516,,False,False,S11_LATENT16,E01_CAP_100_100
RUN_S05_GRU_H64_L1_E02_CAP_200_200,57,1528,41.706844329833984,6.458083629608154,2.436011791229248,3.611607074737549,-10.548001614451586,13,106.75,,False,False,S05_GRU_H64_L1,E02_CAP_200_200
RUN_S16_REG_LATENT16_E04_CAP_300_200,104,2186,41.65625,6.454165458679199,2.3497023582458496,43.48660659790039,0.0420901224789694,5,88.1875,,False,False,S16_REG_LATENT16,E04_CAP_300_200
RUN_S17_GRU_DYNAMICS_REG_LATENT16_E04_CAP_300_200,98,2102,41.58333206176758,6.448513984680176,2.184523820877075,26.897321701049805,-0.5460027033154227,5,78.10416412353516,,False,False,S17_GRU_DYNAMICS_REG_LATENT16,E04_CAP_300_200
RUN_S10_DYNP14_E03_CAP_300_300,104,2186,41.532737731933594,6.444589614868164,2.3363094329833984,43.48660659790039,0.0449303594560338,5,88.10416412353516,,False,False,S10_DYNP14,E03_CAP_300_300
RUN_S15_GRU_LATENT_DYNAMICS_E05_CAP_200_300,104,2186,41.45981979370117,6.438930034637451,2.376488208770752,43.48660659790039,0.0466071501724643,5,88.1875,,False,False,S15_GRU_LATENT_DYNAMICS,E05_CAP_200_300
RUN_S08_GRU_BASELINE_013_E01_CAP_100_100,98,2102,41.40178680419922,6.434422016143799,2.127976179122925,26.897321701049805,-0.5392531369613394,11,78.64583587646484,,False,False,S08_GRU_BASELINE_013,E01_CAP_100_100
RUN_S12_DYNP14_LATENT16_E02_CAP_200_200,104,2186,41.355655670166016,6.430836200714111,2.34375,43.48660659790039,0.0490024652288518,4,88.29166412353516,,False,False,S12_DYNP14_LATENT16,E02_CAP_200_200
RUN_S16_REG_LATENT16_E02_CAP_200_200,104,2186,41.342262268066406,6.429794788360596,2.3660714626312256,43.48660659790039,0.04931045435809,5,88.1875,,False,False,S16_REG_LATENT16,E02_CAP_200_200
RUN_S11_LATENT16_E02_CAP_200_200,98,2102,41.3125,6.427480220794678,2.110119104385376,26.897321701049805,-0.5359335943990129,11,100.47916412353516,,False,False,S11_LATENT16,E02_CAP_200_200
RUN_S04_GRU_H32_L1_E04_CAP_300_200,104,2186,41.30803680419922,6.427133083343506,2.376488208770752,43.48660659790039,0.0500974889543659,5,90.02083587646484,,False,False,S04_GRU_H32_L1,E04_CAP_300_200
RUN_S14_VAR_BASELINE_015_E01_CAP_100_100,104,2186,41.29910659790039,6.426438331604004,2.373511791229248,43.48660659790039,0.0503028442809243,5,85.25,,False,False,S14_VAR_BASELINE_015,E01_CAP_100_100
RUN_S15_GRU_LATENT_DYNAMICS_E02_CAP_200_200,104,2186,41.23660659790039,6.421573638916016,2.361607074737549,43.48660659790039,0.0517400684032364,5,89.79166412353516,,False,False,S15_GRU_LATENT_DYNAMICS,E02_CAP_200_200
RUN_S11_LATENT16_E03_CAP_300_300,98,2102,41.181549072265625,6.417284965515137,2.169642925262451,26.897321701049805,-0.5310650454338102,5,81.02083587646484,,False,False,S11_LATENT16,E03_CAP_300_300
RUN_S12_DYNP14_LATENT16_E04_CAP_300_200,104,2186,41.105655670166016,6.411369323730469,2.3199405670166016,43.48660659790039,0.0547513617181003,4,85.66666412353516,,False,False,S12_DYNP14_LATENT16,E04_CAP_300_200
RUN_S13_DYNP14_LATENT16_HLINEAR_E04_CAP_300_200,104,2186,41.092262268066406,6.410324573516846,2.3363094329833984,43.48660659790039,0.0550593508473384,5,86.77083587646484,,False,False,S13_DYNP14_LATENT16_HLINEAR,E04_CAP_300_200
RUN_S09_HORIZON_LINEAR_E03_CAP_300_300,98,2102,41.011905670166016,6.404053688049316,2.0833332538604736,26.897321701049805,-0.5247579712951613,11,82.625,,False,False,S09_HORIZON_LINEAR,E03_CAP_300_300
RUN_S16_REG_LATENT16_E03_CAP_300_300,104,2186,40.8601188659668,6.3921918869018555,2.345238208770752,43.48660659790039,0.0603976244046691,5,84.89583587646484,,False,False,S16_REG_LATENT16,E03_CAP_300_300
RUN_S17_GRU_DYNAMICS_REG_LATENT16_E02_CAP_200_200,104,2186,40.82589340209961,6.389514446258545,2.346726179122925,43.48660659790039,0.061184659000945,5,89.79166412353516,,False,False,S17_GRU_DYNAMICS_REG_LATENT16,E02_CAP_200_200
RUN_S05_GRU_H64_L1_E04_CAP_300_200,104,2186,40.751487731933594,6.3836894035339355,2.3526785373687744,43.48660659790039,0.0628956609849353,5,91.625,,False,False,S05_GRU_H64_L1,E04_CAP_300_200
RUN_S08_GRU_BASELINE_013_E03_CAP_300_300,104,2186,40.70981979370117,6.380424499511719,2.355654716491699,43.48660659790039,0.0638538396402097,5,87.8125,,False,False,S08_GRU_BASELINE_013,E03_CAP_300_300
RUN_S11_LATENT16_E04_CAP_300_200,104,2186,40.69791793823242,6.379491806030273,2.3645832538604736,43.48660659790039,0.0641275297806891,5,102.4375,,False,False,S11_LATENT16,E04_CAP_300_200
RUN_S09_HORIZON_LINEAR_E02_CAP_200_200,104,2186,40.51041793823242,6.364779472351074,2.3050594329833984,43.48660659790039,0.0684392021476254,5,89.08333587646484,,False,False,S09_HORIZON_LINEAR,E02_CAP_200_200
RUN_S07_GRU_H32_L1_LR1E4_E03_CAP_300_300,104,2186,40.501487731933594,6.364078044891357,2.34375,43.48660659790039,0.0686445574741838,5,88.1875,,False,False,S07_GRU_H32_L1_LR1E4,E03_CAP_300_300
RUN_S11_LATENT16_E04_CAP_300_200,98,2102,40.293155670166016,6.347689151763916,2.1473214626312256,26.897321701049805,-0.4980359798646185,5,75.3125,,False,False,S11_LATENT16,E04_CAP_300_200
RUN_S16_REG_LATENT16_E05_CAP_200_300,98,2102,39.91964340209961,6.318199157714844,2.122023820877075,26.897321701049805,-0.484149382819091,11,70.6875,,False,False,S16_REG_LATENT16,E05_CAP_200_300
RUN_S07_GRU_H32_L1_LR1E4_E05_CAP_200_300,104,2186,39.53422546386719,6.287624835968018,2.2872023582458496,43.48660659790039,0.0908873201024619,5,95.5,,False,False,S07_GRU_H32_L1_LR1E4,E05_CAP_200_300
RUN_S08_GRU_BASELINE_013_E04_CAP_300_200,98,2102,39.36756134033203,6.274357318878174,2.078869104385376,26.897321701049805,-0.4636238424733385,11,85.85416412353516,,False,False,S08_GRU_BASELINE_013,E04_CAP_300_200
RUN_S01_TS_LATENT_BASELINE_ALIAS_E04_CAP_300_200,104,2186,39.23214340209961,6.263556957244873,2.300595283508301,43.48660659790039,0.0978338741199041,5,80.10416412353516,,False,False,S01_TS_LATENT_BASELINE_ALIAS,E04_CAP_300_200
RUN_S09_HORIZON_LINEAR_E03_CAP_300_300,104,2186,39.21875,6.262487411499023,2.299107074737549,43.48660659790039,0.0981418632491423,5,90.47916412353516,,False,False,S09_HORIZON_LINEAR,E03_CAP_300_300
RUN_S03_MLP_BASELINE_011_E04_CAP_300_200,104,2186,39.19493865966797,6.260586261749268,2.293154716491699,43.48660659790039,0.0986894189724988,5,84.45833587646484,,False,False,S03_MLP_BASELINE_011,E04_CAP_300_200
RUN_S14_VAR_BASELINE_015_E04_CAP_300_200,98,2102,38.94643020629883,6.2407073974609375,2.0416667461395264,26.897321701049805,-0.4479668510927892,11,75.70833587646484,,False,False,S14_VAR_BASELINE_015,E04_CAP_300_200
RUN_S06_GRU_H32_L2_E01_CAP_100_100,104,2186,38.88541793823242,6.2358174324035645,2.2752976417541504,43.48660659790039,0.1058070293277406,5,87.41666412353516,d5bb21c840961b2411ff,True,True,S06_GRU_H32_L2,E01_CAP_100_100
RUN_S11_LATENT16_E02_CAP_200_200,104,2186,38.880950927734375,6.235459327697754,2.2857143878936768,43.48660659790039,0.1059097508516193,5,84.625,,False,False,S11_LATENT16,E02_CAP_200_200
RUN_S11_LATENT16_E05_CAP_200_300,98,2102,38.66666793823242,6.218252658843994,2.065476179122925,26.897321701049805,-0.4375657311903758,11,82.75,,False,False,S11_LATENT16,E05_CAP_200_300
RUN_S09_HORIZON_LINEAR_E04_CAP_300_200,104,2186,38.5788688659668,6.211188793182373,2.28125,43.48660659790039,0.1128563048690616,5,85.75,,False,False,S09_HORIZON_LINEAR,E04_CAP_300_200
RUN_S06_GRU_H32_L2_E02_CAP_200_200,57,1528,38.5788688659668,6.211188793182373,2.3854167461395264,3.611607074737549,-9.681911976476645,13,103.5,,False,False,S06_GRU_H32_L2,E02_CAP_200_200
RUN_S04_GRU_H32_L1_E01_CAP_100_100,98,2102,38.574405670166016,6.210829734802246,2.074404716491699,26.897321701049805,-0.4341355655741907,11,74.52083587646484,b1f4be70bc3a1f2bc7b0,False,True,S04_GRU_H32_L1,E01_CAP_100_100
RUN_S16_REG_LATENT16_E03_CAP_300_300,98,2102,38.29018020629883,6.187905788421631,2.0877976417541504,26.897321701049805,-0.4235685110909895,5,73.875,,False,False,S16_REG_LATENT16,E03_CAP_300_300
RUN_S08_GRU_BASELINE_013_E05_CAP_200_300,104,2186,38.16518020629883,6.177797317504883,2.233630895614624,43.48660659790039,0.1223693180018899,5,85.58333587646484,,False,False,S08_GRU_BASELINE_013,E05_CAP_200_300
RUN_S04_GRU_H32_L1_E02_CAP_200_200,98,2102,38.00743865966797,6.165017127990723,2.0580356121063232,26.897321701049805,-0.4130566263102893,11,78.35416412353516,,False,False,S04_GRU_H32_L1,E02_CAP_200_200
RUN_S14_VAR_BASELINE_015_E02_CAP_200_200,104,2186,37.96428680419922,6.1615166664123535,2.235119104385376,43.48660659790039,0.1269889794980645,5,84.54166412353516,,False,False,S14_VAR_BASELINE_015,E02_CAP_200_200
RUN_S04_GRU_H32_L1_E05_CAP_200_300,98,2102,37.94047546386719,6.159584045410156,2.044642925262451,26.897321701049805,-0.4105670403007586,11,81.14583587646484,,False,False,S04_GRU_H32_L1,E05_CAP_200_300
RUN_S07_GRU_H32_L1_LR1E4_E04_CAP_300_200,98,2102,37.89731979370117,6.1560797691345215,2.0580356121063232,26.897321701049805,-0.4089625805465247,11,76.41666412353516,,False,False,S07_GRU_H32_L1_LR1E4,E04_CAP_300_200
RUN_S14_VAR_BASELINE_015_E05_CAP_200_300,98,2102,37.79166793823242,6.1474928855896,2.0357143878936768,26.897321701049805,-0.4050346111879759,11,75.5,,False,False,S14_VAR_BASELINE_015,E05_CAP_200_300
RUN_S05_GRU_H64_L1_E05_CAP_200_300,104,2186,37.63243865966797,6.134528160095215,2.2604167461395264,43.48660659790039,0.1346200220303018,5,85.35416412353516,,False,False,S05_GRU_H64_L1,E05_CAP_200_300
RUN_S09_HORIZON_LINEAR_E01_CAP_100_100,98,2102,37.6101188659668,6.13270902633667,2.080357074737549,26.897321701049805,-0.3982849030094646,4,73.70833587646484,,False,False,S09_HORIZON_LINEAR,E01_CAP_100_100
RUN_S14_VAR_BASELINE_015_E03_CAP_300_300,98,2102,37.31696319580078,6.108761310577393,2.0104167461395264,26.897321701049805,-0.3873858375402594,11,70.9375,,False,False,S14_VAR_BASELINE_015,E03_CAP_300_300
RUN_S14_VAR_BASELINE_015_E05_CAP_200_300,104,2186,37.19047546386719,6.098399639129639,2.205357074737549,43.48660659790039,0.1447832246891665,5,114.5,2f95f19381b5235ee32b,True,True,S14_VAR_BASELINE_015,E05_CAP_200_300
RUN_S09_HORIZON_LINEAR_E05_CAP_200_300,104,2186,36.62946319580078,6.052227973937988,2.206845283508301,43.48660659790039,0.1576840305224157,5,103.83333587646484,2f95f19381b5235ee32b,True,True,S09_HORIZON_LINEAR,E05_CAP_200_300
RUN_S09_HORIZON_LINEAR_E05_CAP_200_300,98,2102,36.5148811340332,6.042754650115967,2.044642925262451,26.897321701049805,-0.3575656914795357,11,72.875,,False,False,S09_HORIZON_LINEAR,E05_CAP_200_300
RUN_S04_GRU_H32_L1_E01_CAP_100_100,104,2186,36.47916793823242,6.039798736572266,2.2410714626312256,43.48660659790039,0.1611401580367574,5,105.25,,False,False,S04_GRU_H32_L1,E01_CAP_100_100
RUN_S14_VAR_BASELINE_015_E03_CAP_300_300,25,1080,36.35118865966797,6.0291948318481445,1.8571428060531616,3.8050594329833984,-8.553382621192442,11,94.52083587646484,,False,False,S14_VAR_BASELINE_015,E03_CAP_300_300
RUN_S05_GRU_H64_L1_E03_CAP_300_300,98,2102,36.186012268066406,6.015480995178223,1.9747023582458496,26.897321701049805,-0.3453388657151712,11,69.16666412353516,,False,False,S05_GRU_H64_L1,E03_CAP_300_300
RUN_S08_GRU_BASELINE_013_E05_CAP_200_300,25,1080,35.244049072265625,5.936669826507568,2.092261791229248,3.8050594329833984,-8.262417497808212,9,76.8125,,False,False,S08_GRU_BASELINE_013,E05_CAP_200_300
RUN_S06_GRU_H32_L2_E03_CAP_300_300,104,2186,34.52083206176758,5.875442981719971,2.1190476417541504,43.48660659790039,0.2061732390166699,5,102.70833587646484,,False,False,S06_GRU_H32_L2,E03_CAP_300_300
RUN_S04_GRU_H32_L1_E03_CAP_300_300,98,2102,34.31993865966797,5.8583221435546875,1.9419642686843872,26.897321701049805,-0.2759611920144622,11,61.66666793823242,,False,False,S04_GRU_H32_L1,E03_CAP_300_300
RUN_S02_MLP_BASELINE_008_E02_CAP_200_200,0,730,34.224700927734375,5.850188255310059,1.7723214626312256,31.675594329833984,-0.080475414963232,5,110.91666412353516,249040f172cf81c0e7fd,True,True,S02_MLP_BASELINE_008,E02_CAP_200_200
RUN_S03_MLP_BASELINE_011_E02_CAP_200_200,0,730,34.199405670166016,5.848025798797607,1.7708333730697632,31.675594329833984,-0.0796768424943159,5,110.91666412353516,249040f172cf81c0e7fd,True,True,S03_MLP_BASELINE_011,E02_CAP_200_200
RUN_S01_TS_LATENT_BASELINE_ALIAS_E02_CAP_200_200,0,730,34.186012268066406,5.8468804359436035,1.7693452835083008,31.675594329833984,-0.0792540121612797,5,110.91666412353516,249040f172cf81c0e7fd,False,True,S01_TS_LATENT_BASELINE_ALIAS,E02_CAP_200_200
RUN_S01_TS_LATENT_BASELINE_ALIAS_E05_CAP_200_300,0,730,34.16518020629883,5.845098972320557,1.7782738208770752,31.675594329833984,-0.0785963429933185,5,110.91666412353516,249040f172cf81c0e7fd,True,True,S01_TS_LATENT_BASELINE_ALIAS,E05_CAP_200_300
RUN_S15_GRU_LATENT_DYNAMICS_E04_CAP_300_200,98,2102,34.11458206176758,5.840768814086914,2.0074405670166016,26.897321701049805,-0.268326357580654,5,57.60416793823242,d69d3a0aa8c07b1afe85,True,True,S15_GRU_LATENT_DYNAMICS,E04_CAP_300_200
RUN_S03_MLP_BASELINE_011_E05_CAP_200_300,0,730,34.0773811340332,5.837583541870117,1.7678571939468384,31.675594329833984,-0.0758245221601752,5,110.91666412353516,249040f172cf81c0e7fd,True,True,S03_MLP_BASELINE_011,E05_CAP_200_300
RUN_S02_MLP_BASELINE_008_E05_CAP_200_300,0,730,34.043155670166016,5.834651470184326,1.766369104385376,31.675594329833984,-0.0747440226591775,5,110.91666412353516,249040f172cf81c0e7fd,True,True,S02_MLP_BASELINE_008,E05_CAP_200_300
RUN_S04_GRU_H32_L1_E05_CAP_200_300,104,2186,34.01339340209961,5.8321003913879395,2.090773820877075,43.48660659790039,0.2178420883329664,5,105.375,2f95f19381b5235ee32b,True,True,S04_GRU_H32_L1,E05_CAP_200_300
RUN_S03_MLP_BASELINE_011_E01_CAP_100_100,0,730,33.58481979370117,5.795241355895996,1.757440447807312,31.675594329833984,-0.0602743375226575,5,110.91666412353516,e1949264e9a7e8cd8f86,True,True,S03_MLP_BASELINE_011,E01_CAP_100_100
RUN_S17_GRU_DYNAMICS_REG_LATENT16_E02_CAP_200_200,98,2102,33.581844329833984,5.794984340667725,1.9360119104385376,26.897321701049805,-0.2485200089094106,11,63.20833206176758,,False,False,S17_GRU_DYNAMICS_REG_LATENT16,E02_CAP_200_200
RUN_S01_TS_LATENT_BASELINE_ALIAS_E01_CAP_100_100,93,2032,33.498512268066406,5.787789821624756,2.1949405670166016,9.3005952835083,-2.6017600214757812,11,87.9375,e36d86fe774aae2036d9,False,True,S01_TS_LATENT_BASELINE_ALIAS,E01_CAP_100_100
RUN_S01_TS_LATENT_BASELINE_ALIAS_E01_CAP_100_100,0,730,33.470237731933594,5.785346984863281,1.7589285373687744,31.675594329833984,-0.0566569764536133,5,110.91666412353516,e1949264e9a7e8cd8f86,False,True,S01_TS_LATENT_BASELINE_ALIAS,E01_CAP_100_100
RUN_S06_GRU_H32_L2_E04_CAP_300_200,104,2186,33.4523811340332,5.783803462982178,2.0625,43.48660659790039,0.2307428941662157,5,104.5,,False,False,S06_GRU_H32_L2,E04_CAP_300_200
RUN_S02_MLP_BASELINE_008_E03_CAP_300_300,0,730,33.425594329833984,5.781486988067627,1.7529761791229248,31.675594329833984,-0.0552475821535491,5,110.91666412353516,5df4e164451e90c9495e,True,True,S02_MLP_BASELINE_008,E03_CAP_300_300
RUN_S03_MLP_BASELINE_011_E03_CAP_300_300,0,730,33.38541793823242,5.778011798858643,1.7544642686843872,31.675594329833984,-0.0539792115846118,5,110.91666412353516,5df4e164451e90c9495e,True,True,S03_MLP_BASELINE_011,E03_CAP_300_300
RUN_S17_GRU_DYNAMICS_REG_LATENT16_E04_CAP_300_200,0,730,33.31993865966797,5.772342681884766,1.7455357313156128,31.675594329833984,-0.0519120276864146,5,109.10416412353516,fc8e4fede55d14881d81,True,True,S17_GRU_DYNAMICS_REG_LATENT16,E04_CAP_300_200
RUN_S02_MLP_BASELINE_008_E01_CAP_100_100,0,730,33.29018020629883,5.769764423370361,1.7485119104385376,31.675594329833984,-0.0509725519165438,5,109.8125,e1949264e9a7e8cd8f86,True,True,S02_MLP_BASELINE_008,E01_CAP_100_100
RUN_S17_GRU_DYNAMICS_REG_LATENT16_E05_CAP_200_300,0,730,33.25297546386719,5.766539096832275,1.75,31.675594329833984,-0.0497979964514045,5,108.02083587646484,6dd37d79eddb9c9ec167,True,True,S17_GRU_DYNAMICS_REG_LATENT16,E05_CAP_200_300
RUN_S17_GRU_DYNAMICS_REG_LATENT16_E01_CAP_100_100,0,730,33.217262268066406,5.763442039489746,1.7440476417541504,31.675594329833984,-0.0486705291834219,5,109.4375,5253a1c45ed8fc6a0605,False,True,S17_GRU_DYNAMICS_REG_LATENT16,E01_CAP_100_100
RUN_S06_GRU_H32_L2_E05_CAP_200_300,25,1080,33.099700927734375,5.753233909606934,2.0669643878936768,3.8050594329833984,-7.698865684151008,11,90.72916412353516,,False,False,S06_GRU_H32_L2,E05_CAP_200_300
RUN_S03_MLP_BASELINE_011_E04_CAP_300_200,0,730,33.04464340209961,5.748446941375732,1.735119104385376,31.675594329833984,-0.0432209434812773,5,109.10416412353516,5df4e164451e90c9495e,True,True,S03_MLP_BASELINE_011,E04_CAP_300_200
RUN_S16_REG_LATENT16_E03_CAP_300_300,0,730,33.037200927734375,5.747799873352051,1.7366071939468384,31.675594329833984,-0.0429859842161808,5,106.3125,7976163a4be6b748df3d,False,True,S16_REG_LATENT16,E03_CAP_300_300
RUN_S11_LATENT16_E04_CAP_300_200,0,730,33.01041793823242,5.745469570159912,1.7217261791229248,31.675594329833984,-0.0421404439802797,5,106.29166412353516,2b138b50dcf92132dc02,True,True,S11_LATENT16,E04_CAP_300_200
RUN_S17_GRU_DYNAMICS_REG_LATENT16_E02_CAP_200_200,0,730,32.91518020629883,5.737175464630127,1.733630895614624,31.675594329833984,-0.0391337843122119,5,108.10416412353516,6dd37d79eddb9c9ec167,False,True,S17_GRU_DYNAMICS_REG_LATENT16,E02_CAP_200_200
RUN_S11_LATENT16_E03_CAP_300_300,0,730,32.811012268066406,5.728089809417725,1.7157738208770752,31.675594329833984,-0.0358451976120623,5,106.375,2b138b50dcf92132dc02,False,True,S11_LATENT16,E03_CAP_300_300
RUN_S01_TS_LATENT_BASELINE_ALIAS_E03_CAP_300_300,0,730,32.7961311340332,5.726790428161621,1.7366071939468384,31.675594329833984,-0.0353753995120409,5,108.54166412353516,5df4e164451e90c9495e,False,True,S01_TS_LATENT_BASELINE_ALIAS,E03_CAP_300_300
RUN_S13_DYNP14_LATENT16_HLINEAR_E01_CAP_100_100,0,730,32.748512268066406,5.722631454467773,1.7842261791229248,31.675594329833984,-0.033872069678007,5,106.875,1a760deb4d5babb0f427,True,True,S13_DYNP14_LATENT16_HLINEAR,E01_CAP_100_100
RUN_S04_GRU_H32_L1_E01_CAP_100_100,0,730,32.6101188659668,5.710526943206787,1.7232142686843872,31.675594329833984,-0.02950298347686,5,106.72916412353516,e1949264e9a7e8cd8f86,True,True,S04_GRU_H32_L1,E01_CAP_100_100
RUN_S17_GRU_DYNAMICS_REG_LATENT16_E05_CAP_200_300,98,2102,32.59672546386719,5.709354400634766,1.9419642686843872,26.897321701049805,-0.2118948431432463,11,56.04166793823242,,False,False,S17_GRU_DYNAMICS_REG_LATENT16,E05_CAP_200_300
RUN_S07_GRU_H32_L1_LR1E4_E05_CAP_200_300,0,730,32.58928680419922,5.708702564239502,1.726190447807312,31.675594329833984,-0.0288453143088989,5,106.72916412353516,249040f172cf81c0e7fd,True,True,S07_GRU_H32_L1_LR1E4,E05_CAP_200_300
RUN_S16_REG_LATENT16_E04_CAP_300_200,0,730,32.5461311340332,5.704921722412109,1.71875,31.675594329833984,-0.0274828877758197,5,104.08333587646484,7976163a4be6b748df3d,True,True,S16_REG_LATENT16,E04_CAP_300_200
RUN_S12_DYNP14_LATENT16_E03_CAP_300_300,0,730,32.50297546386719,5.701138019561768,1.7946428060531616,31.675594329833984,-0.0261204612427405,5,107.45833587646484,8777aa0425b0dcb10298,False,True,S12_DYNP14_LATENT16,E03_CAP_300_300
RUN_S06_GRU_H32_L2_E01_CAP_100_100,98,2102,32.47916793823242,5.699049949645996,1.9017857313156128,26.897321701049805,-0.2075242397448351,5,81.22916412353516,,False,False,S06_GRU_H32_L2,E01_CAP_100_100
RUN_S13_DYNP14_LATENT16_HLINEAR_E05_CAP_200_300,0,730,32.45981979370117,5.697351932525635,1.7604166269302368,31.675594329833984,-0.0247580347096614,5,106.08333587646484,bfac1bd7794ffaf238c8,True,True,S13_DYNP14_LATENT16_HLINEAR,E05_CAP_200_300
RUN_S06_GRU_H32_L2_E03_CAP_300_300,0,730,32.43303680419922,5.695001125335693,1.71875,31.675594329833984,-0.0239124944737605,5,106.72916412353516,5df4e164451e90c9495e,True,True,S06_GRU_H32_L2,E03_CAP_300_300
RUN_S06_GRU_H32_L2_E04_CAP_300_200,98,2102,32.425594329833984,5.694347381591797,1.9315476417541504,26.897321701049805,-0.2055324574776682,11,64.375,,False,False,S06_GRU_H32_L2,E04_CAP_300_200
RUN_S16_REG_LATENT16_E05_CAP_200_300,0,730,32.41071319580078,5.69304084777832,1.7172619104385376,31.675594329833984,-0.0232077371086425,5,106.3125,239920156f2de3fb34d7,True,True,S16_REG_LATENT16,E05_CAP_200_300
RUN_S09_HORIZON_LINEAR_E02_CAP_200_200,0,730,32.376487731933594,5.690033912658691,1.7247023582458496,31.675594329833984,-0.0221272376076449,5,106.91666412353516,249040f172cf81c0e7fd,True,True,S09_HORIZON_LINEAR,E02_CAP_200_200
RUN_S08_GRU_BASELINE_013_E04_CAP_300_200,0,730,32.34821319580078,5.687549114227295,1.7142857313156128,31.675594329833984,-0.0212346091745871,5,106.72916412353516,5df4e164451e90c9495e,True,True,S08_GRU_BASELINE_013,E04_CAP_300_200
RUN_S14_VAR_BASELINE_015_E04_CAP_300_200,0,730,32.3125,5.684408664703369,1.7172619104385376,31.675594329833984,-0.0201071419066047,5,105.04166412353516,5df4e164451e90c9495e,True,True,S14_VAR_BASELINE_015,E04_CAP_300_200
RUN_S04_GRU_H32_L1_E04_CAP_300_200,0,730,32.29018020629883,5.682445049285889,1.7157738208770752,31.675594329833984,-0.0194025049716586,5,105.04166412353516,5df4e164451e90c9495e,True,True,S04_GRU_H32_L1,E04_CAP_300_200
RUN_S08_GRU_BASELINE_013_E03_CAP_300_300,0,730,32.29018020629883,5.682445049285889,1.7157738208770752,31.675594329833984,-0.0194025049716586,5,105.04166412353516,5df4e164451e90c9495e,True,True,S08_GRU_BASELINE_013,E03_CAP_300_300
