run_id,fold_id,t_end,mse,rmse,mae,naive_mse,skill_vs_naive,worst_h,worst_h_mse,stage1_signature,stage1_reused,full_refit,scenario,seed
RUN_S04_GRU_H32_L1_SEED42,0,730,0.8217166066169739,0.9064858555793762,0.3326613008975982,0.7736175060272217,-0.062174265984177,5,1.2903225421905518,868fdafd0a74c029ed0f,False,True,S04_GRU_H32_L1,42
RUN_S04_GRU_H32_L1_SEED42,1,744,0.4219470024108886,0.6495744585990906,0.2479838728904724,0.4225230515003204,0.0013633554131219,9,0.5120967626571655,,False,False,S04_GRU_H32_L1,42
RUN_S04_GRU_H32_L1_SEED42,2,758,1.4994239807128906,1.2245097160339355,0.3317972421646118,1.419930934906006,-0.0559837410769186,9,2.262096881866455,,False,False,S04_GRU_H32_L1,42
RUN_S04_GRU_H32_L1_SEED42,3,772,0.8611751198768616,0.9279952049255372,0.3617511391639709,0.8024193644523621,-0.0732232521140605,11,1.5604838132858276,,False,False,S04_GRU_H32_L1,42
RUN_S04_GRU_H32_L1_SEED42,4,786,1.1990207433700562,1.0949980020523071,0.4254032373428345,1.02102530002594,-0.1743301006738953,11,1.7177419662475586,,False,False,S04_GRU_H32_L1,42
RUN_S04_GRU_H32_L1_SEED42,5,800,5.048675060272217,2.246925592422486,1.131624460220337,0.6097350120544434,-7.280113427079073,13,11.693548202514648,,False,False,S04_GRU_H32_L1,42
RUN_S04_GRU_H32_L1_SEED42,6,814,0.6719470024108887,0.8197237253189087,0.3580069243907928,0.6411290168762207,-0.0480683056349917,12,1.0120967626571655,7dd2e36391d02db1fd6f,False,True,S04_GRU_H32_L1,42
RUN_S04_GRU_H32_L1_SEED42,7,828,0.7874423861503601,0.88737952709198,0.3801843225955963,0.7687212228775024,-0.0243536443585881,6,1.100806474685669,,False,False,S04_GRU_H32_L1,42
RUN_S04_GRU_H32_L1_SEED42,8,842,0.6356566548347473,0.7972807884216309,0.3188363909721374,0.6140552759170532,-0.0351782319359341,6,0.899193525314331,,False,False,S04_GRU_H32_L1,42
RUN_S04_GRU_H32_L1_SEED42,9,856,0.6552419066429138,0.8094701170921326,0.3482142984867096,0.627592146396637,-0.04405689332639,6,1.044354796409607,,False,False,S04_GRU_H32_L1,42
RUN_S04_GRU_H32_L1_SEED42,10,870,0.6468893885612488,0.8042943477630615,0.3104838728904724,0.6221198439598083,-0.0398147476598427,13,1.1411290168762207,,False,False,S04_GRU_H32_L1,42
RUN_S04_GRU_H32_L1_SEED42,11,884,1.0892857313156128,1.0436885356903076,0.4337557554244995,1.0645161867141724,-0.0232683588193207,13,1.8427419662475584,,False,False,S04_GRU_H32_L1,42
RUN_S04_GRU_H32_L1_SEED42,12,898,1.384792685508728,1.176772117614746,0.5201612710952759,1.2995392084121704,-0.0656028510295767,11,2.3790323734283447,,False,False,S04_GRU_H32_L1,42
RUN_S04_GRU_H32_L1_SEED42,13,912,0.9879032373428344,0.9939332008361816,0.4585253596305847,0.9205068945884703,-0.0732165539992992,13,1.794354796409607,c01e5dc8baa3136cb2df,False,True,S04_GRU_H32_L1,42
RUN_S04_GRU_H32_L1_SEED42,14,926,1.110023021697998,1.0535763502120972,0.4625576138496399,1.0440667867660522,-0.0631724289748187,11,1.850806474685669,,False,False,S04_GRU_H32_L1,42
RUN_S04_GRU_H32_L1_SEED42,15,940,1.0025922060012815,1.0012952089309692,0.4254032373428345,0.9026497602462769,-0.1107211790847169,13,1.4717742204666138,,False,False,S04_GRU_H32_L1,42
RUN_S04_GRU_H32_L1_SEED42,16,954,0.6097350120544434,0.7808552980422974,0.3320852518081665,0.5169931054115295,-0.1793871246485787,12,1.0725806951522827,,False,False,S04_GRU_H32_L1,42
RUN_S04_GRU_H32_L1_SEED42,17,968,1.0020161867141724,1.0010075569152832,0.444988489151001,0.9593893885612488,-0.0444311753508646,10,1.5403225421905518,,False,False,S04_GRU_H32_L1,42
RUN_S04_GRU_H32_L1_SEED42,18,982,0.6722350120544434,0.8198993802070618,0.3093318045139313,0.586693525314331,-0.145802677290979,13,1.173387050628662,,False,False,S04_GRU_H32_L1,42
RUN_S04_GRU_H32_L1_SEED42,19,996,1.0846774578094482,1.0414785146713257,0.4625576138496399,0.9579492807388306,-0.1322911135471358,12,1.9032257795333865,,False,False,S04_GRU_H32_L1,42
RUN_S04_GRU_H32_L1_SEED42,20,1010,1.0495392084121704,1.0244702100753784,0.406682014465332,1.0365782976150513,-0.0125035521454959,13,2.274193525314331,7d84acbea7a678047de2,False,True,S04_GRU_H32_L1,42
RUN_S04_GRU_H32_L1_SEED42,21,1024,0.711693525314331,0.8436192870140076,0.3568548262119293,0.6952764987945557,-0.023612227003557,12,0.9879032373428344,,False,False,S04_GRU_H32_L1,42
RUN_S04_GRU_H32_L1_SEED42,22,1038,0.8372696042060852,0.9150243997573853,0.3752880096435547,0.8280529975891113,-0.0111304549875528,13,1.6774193048477173,,False,False,S04_GRU_H32_L1,42
RUN_S04_GRU_H32_L1_SEED42,23,1052,0.7249423861503601,0.8514354825019836,0.3626151978969574,0.713421642780304,-0.0161485756517818,12,1.4395161867141724,,False,False,S04_GRU_H32_L1,42
RUN_S04_GRU_H32_L1_SEED42,24,1066,0.6365207433700562,0.7978224754333496,0.3467741906642914,0.6261520981788635,-0.0165593075889218,12,1.100806474685669,,False,False,S04_GRU_H32_L1,42
RUN_S04_GRU_H32_L1_SEED42,25,1080,1.052707314491272,1.026015281677246,0.4242511391639709,1.0538594722747805,0.0010932745909864,8,1.5645161867141724,,False,False,S04_GRU_H32_L1,42
RUN_S04_GRU_H32_L1_SEED42,26,1094,0.9544931054115297,0.9769816398620604,0.4107142984867096,0.9202188849449158,-0.0372457260194845,12,1.544354796409607,,False,False,S04_GRU_H32_L1,42
RUN_S04_GRU_H32_L1_SEED42,27,1108,0.9012096524238586,0.9493206143379213,0.3891128897666931,0.89573734998703,-0.0061092712466526,13,1.5604838132858276,c0e7032daf7b2f5f15db,False,True,S04_GRU_H32_L1,42
RUN_S04_GRU_H32_L1_SEED42,28,1122,1.1794354915618896,1.086018204689026,0.5031682252883911,1.1837557554244995,0.0036496243780125,12,1.9959677457809448,,False,False,S04_GRU_H32_L1,42
RUN_S04_GRU_H32_L1_SEED42,29,1136,0.8580068945884705,0.9262866377830504,0.3902649879455566,0.8559907674789429,-0.0023553140829608,10,1.2661290168762207,,False,False,S04_GRU_H32_L1,42
RUN_S04_GRU_H32_L1_SEED42,30,1150,0.8159562349319458,0.9033029675483704,0.4213709533214569,0.8061636090278625,-0.0121471941854234,5,1.2620967626571655,,False,False,S04_GRU_H32_L1,42
RUN_S04_GRU_H32_L1_SEED42,31,1164,0.97926265001297,0.9895769953727722,0.4205069243907928,0.9720622301101683,-0.0074073651663078,11,1.7862902879714966,,False,False,S04_GRU_H32_L1,42
RUN_S04_GRU_H32_L1_SEED42,32,1178,0.9927995204925536,0.9963932633399964,0.4622695744037628,0.9778226017951964,-0.0153166010581682,8,1.5403225421905518,,False,False,S04_GRU_H32_L1,42
RUN_S04_GRU_H32_L1_SEED42,33,1192,0.6319124698638916,0.7949292063713074,0.3346774280071258,0.6163594722747803,-0.0252336473903942,12,1.020161271095276,,False,False,S04_GRU_H32_L1,42
RUN_S04_GRU_H32_L1_SEED42,34,1206,0.5835253596305847,0.7638882994651794,0.3490783274173736,0.5682603716850281,-0.0268626649088556,12,0.9112903475761414,cbabd7e7912d2ab5e264,False,True,S04_GRU_H32_L1,42
RUN_S04_GRU_H32_L1_SEED42,35,1220,0.6794354915618896,0.8242787718772888,0.3464861810207367,0.6961405277252197,0.0239966436344644,13,1.044354796409607,,False,False,S04_GRU_H32_L1,42
RUN_S04_GRU_H32_L1_SEED42,36,1234,0.7569124698638916,0.8700071573257446,0.4130184352397918,0.7353110313415527,-0.0293772806358252,12,1.0887097120285034,,False,False,S04_GRU_H32_L1,42
RUN_S04_GRU_H32_L1_SEED42,37,1248,0.6802995204925537,0.8248026967048645,0.3559907972812652,0.6961405277252197,0.0227554733588485,13,1.0927419662475586,,False,False,S04_GRU_H32_L1,42
RUN_S04_GRU_H32_L1_SEED42,38,1262,0.7819700241088867,0.8842906951904297,0.3827764987945556,0.7727534770965576,-0.0119268916743773,11,1.5120967626571655,,False,False,S04_GRU_H32_L1,42
RUN_S04_GRU_H32_L1_SEED42,39,1276,1.0838133096694946,1.0410635471343994,0.4530529975891113,1.0512672662734983,-0.0309588669219811,5,1.5564515590667725,,False,False,S04_GRU_H32_L1,42
RUN_S04_GRU_H32_L1_SEED42,40,1290,0.9493087530136108,0.9743247628211976,0.3888248801231384,0.9205068945884703,-0.0312891284079048,13,1.9072580337524416,,False,False,S04_GRU_H32_L1,42
RUN_S04_GRU_H32_L1_SEED42,41,1304,0.7283986210823059,0.8534626960754395,0.3798963129520416,0.7151497602462769,-0.0185259949349161,13,1.0362902879714966,b87276eba87f1d44b188,False,True,S04_GRU_H32_L1,42
RUN_S04_GRU_H32_L1_SEED42,42,1318,0.8925691246986389,0.9447587728500366,0.3816244304180145,0.8643433451652527,-0.032655749235843,10,1.7580645084381104,,False,False,S04_GRU_H32_L1,42
RUN_S04_GRU_H32_L1_SEED42,43,1332,0.8179723620414734,0.9044182300567628,0.3721198141574859,0.8044354915618896,-0.0168277887059664,13,1.1975806951522827,,False,False,S04_GRU_H32_L1,42
RUN_S04_GRU_H32_L1_SEED42,44,1346,0.9550691246986388,0.9772763848304749,0.4400921761989593,0.930875599384308,-0.0259900735719498,13,1.4314515590667725,,False,False,S04_GRU_H32_L1,42
RUN_S04_GRU_H32_L1_SEED42,45,1360,0.8643433451652527,0.9297006726264954,0.4104262590408325,0.8292050957679749,-0.0423758242401226,12,1.4314515590667725,,False,False,S04_GRU_H32_L1,42
RUN_S04_GRU_H32_L1_SEED42,46,1374,1.0918779373168943,1.0449296236038208,0.4409562349319458,1.0630760192871094,-0.0270929994725113,12,1.625,,False,False,S04_GRU_H32_L1,42
RUN_S04_GRU_H32_L1_SEED42,47,1388,1.0334101915359497,1.0165678262710571,0.4326036870479584,1.0195852518081665,-0.0135593759357204,9,1.4919354915618896,,False,False,S04_GRU_H32_L1,42
RUN_S04_GRU_H32_L1_SEED42,48,1402,0.7013248801231384,0.8374513983726501,0.3712557554244995,0.6944124698638916,-0.0099543291044321,5,0.9395161271095276,1a96d5ba089c8393967f,False,True,S04_GRU_H32_L1,42
RUN_S04_GRU_H32_L1_SEED42,49,1416,0.7756336331367493,0.8807006478309631,0.3919930756092071,0.7701612710952759,-0.0071054754982562,13,1.3185484409332275,,False,False,S04_GRU_H32_L1,42
RUN_S04_GRU_H32_L1_SEED42,50,1430,0.8577188849449158,0.9261311292648317,0.3922811150550842,0.850806474685669,-0.0081245388521526,10,1.1169354915618896,,False,False,S04_GRU_H32_L1,42
RUN_S04_GRU_H32_L1_SEED42,51,1444,1.0046082735061646,1.0023014545440674,0.3917050659656524,0.9953917264938354,-0.0092592160121658,12,1.479838728904724,,False,False,S04_GRU_H32_L1,42
RUN_S04_GRU_H32_L1_SEED123,0,730,0.9490207433700562,0.9741769433021544,0.3729838728904724,0.7736175060272217,-0.2267312153309293,13,1.520161271095276,f5466c3c892f2a95740d,False,True,S04_GRU_H32_L1,123
RUN_S04_GRU_H32_L1_SEED123,1,744,0.4824308753013611,0.6945724487304688,0.279089868068695,0.4225230515003204,-0.1417859299943904,13,0.7177419066429138,,False,False,S04_GRU_H32_L1,123
RUN_S04_GRU_H32_L1_SEED123,2,758,1.6964285373687744,1.3024702072143557,0.3508064448833465,1.419930934906006,-0.1947260924215808,13,2.701612949371338,,False,False,S04_GRU_H32_L1,123
RUN_S04_GRU_H32_L1_SEED123,3,772,0.8790322542190552,0.937567174434662,0.367511510848999,0.8024193644523621,-0.0954773690176085,11,1.5685484409332275,,False,False,S04_GRU_H32_L1,123
RUN_S04_GRU_H32_L1_SEED123,4,786,1.2419354915618896,1.1144216060638428,0.4366359412670135,1.02102530002594,-0.2163611337841846,11,1.8225806951522827,,False,False,S04_GRU_H32_L1,123
RUN_S04_GRU_H32_L1_SEED123,5,800,3.7669930458068848,1.9408743381500244,0.9184907674789428,0.6097350120544434,-5.178082234632328,13,8.443548202514648,,False,False,S04_GRU_H32_L1,123
RUN_S04_GRU_H32_L1_SEED123,6,814,0.6601382493972778,0.8124889135360718,0.3548386991024017,0.6411290168762207,-0.0296496212473365,12,0.9959677457809448,bea87bd82eca78fa061d,False,True,S04_GRU_H32_L1,123
RUN_S04_GRU_H32_L1_SEED123,7,828,0.7877303957939148,0.8875417709350586,0.3798963129520416,0.7687212228775024,-0.024728305074311,6,1.100806474685669,,False,False,S04_GRU_H32_L1,123
RUN_S04_GRU_H32_L1_SEED123,8,842,0.6517857313156128,0.807332456111908,0.3211405575275421,0.6140552759170532,-0.0614447214743192,6,0.899193525314331,,False,False,S04_GRU_H32_L1,123
RUN_S04_GRU_H32_L1_SEED123,9,856,0.6500576138496399,0.8062614798545837,0.3453341126441955,0.627592146396637,-0.0357962851861515,6,1.044354796409607,,False,False,S04_GRU_H32_L1,123
RUN_S04_GRU_H32_L1_SEED123,10,870,0.6578341126441956,0.8110697269439697,0.3116359412670135,0.6221198439598083,-0.0574073774227565,13,1.1774193048477173,,False,False,S04_GRU_H32_L1,123
RUN_S04_GRU_H32_L1_SEED123,11,884,1.1010944843292236,1.049330472946167,0.4340437650680542,1.0645161867141724,-0.034361429231017,13,1.8669354915618896,,False,False,S04_GRU_H32_L1,123
RUN_S04_GRU_H32_L1_SEED123,12,898,1.4055299758911133,1.1855504512786863,0.5224654674530029,1.2995392084121704,-0.0815602690498631,13,2.4193549156188965,,False,False,S04_GRU_H32_L1,123
RUN_S04_GRU_H32_L1_SEED123,13,912,1.0216014385223389,1.0107430219650269,0.4639976918697357,0.9205068945884703,-0.1098248633749392,13,1.9637097120285032,d17ae33ed3d0316a090e,False,True,S04_GRU_H32_L1,123
RUN_S04_GRU_H32_L1_SEED123,14,926,1.094182014465332,1.0460315942764282,0.4622695744037628,1.0440667867660522,-0.0480000210087223,11,1.7379032373428345,,False,False,S04_GRU_H32_L1,123
RUN_S04_GRU_H32_L1_SEED123,15,940,0.9887672662734984,0.994367778301239,0.4230990707874298,0.9026497602462769,-0.0954052278302557,13,1.4677419662475586,,False,False,S04_GRU_H32_L1,123
RUN_S04_GRU_H32_L1_SEED123,16,954,0.6506336331367493,0.8066186308860779,0.3418778777122497,0.5169931054115295,-0.2584957639209542,12,1.225806474685669,,False,False,S04_GRU_H32_L1,123
RUN_S04_GRU_H32_L1_SEED123,17,968,1.0374424457550049,1.0185492038726809,0.4521889388561249,0.9593893885612488,-0.0813570153311875,10,1.6411290168762207,,False,False,S04_GRU_H32_L1,123
RUN_S04_GRU_H32_L1_SEED123,18,982,0.684907853603363,0.827591598033905,0.3127880096435547,0.586693525314331,-0.1674031228423937,13,1.1975806951522827,,False,False,S04_GRU_H32_L1,123
RUN_S04_GRU_H32_L1_SEED123,19,996,1.08352530002594,1.0409252643585205,0.4619815647602081,0.9579492807388306,-0.1310883799508229,12,1.9274193048477173,,False,False,S04_GRU_H32_L1,123
RUN_S04_GRU_H32_L1_SEED123,20,1010,1.0555875301361084,1.0274178981781006,0.4063940048217773,1.0365782976150513,-0.0183384434777318,13,2.2943549156188965,a996d479fc24ec468723,False,True,S04_GRU_H32_L1,123
RUN_S04_GRU_H32_L1_SEED123,21,1024,0.6955645084381104,0.8340051174163818,0.3539746403694153,0.6952764987945557,-0.0004142375645574,12,0.9677419066429138,,False,False,S04_GRU_H32_L1,123
RUN_S04_GRU_H32_L1_SEED123,22,1038,0.929147481918335,0.9639229774475098,0.3899769484996795,0.8280529975891113,-0.1220869734468226,13,1.9879032373428345,,False,False,S04_GRU_H32_L1,123
RUN_S04_GRU_H32_L1_SEED123,23,1052,0.8228686451911926,0.9071210622787476,0.3747119903564453,0.713421642780304,-0.1534113851443563,12,1.7862902879714966,,False,False,S04_GRU_H32_L1,123
RUN_S04_GRU_H32_L1_SEED123,24,1066,0.6466013789176941,0.8041152954101562,0.351670503616333,0.6261520981788635,-0.0326586476325903,12,1.145161271095276,,False,False,S04_GRU_H32_L1,123
RUN_S04_GRU_H32_L1_SEED123,25,1080,1.076036810874939,1.037321925163269,0.4291474521160126,1.0538594722747805,-0.0210439239610271,8,1.5685484409332275,,False,False,S04_GRU_H32_L1,123
RUN_S04_GRU_H32_L1_SEED123,26,1094,0.9544931054115297,0.9769816398620604,0.4135944843292236,0.9202188849449158,-0.0372457260194845,12,1.5403225421905518,,False,False,S04_GRU_H32_L1,123
RUN_S04_GRU_H32_L1_SEED123,27,1108,0.8942972421646118,0.9456729292869568,0.3896889388561249,0.89573734998703,0.0016077344797993,13,1.580645203590393,57169c70cbef533a5b93,False,True,S04_GRU_H32_L1,123
RUN_S04_GRU_H32_L1_SEED123,28,1122,1.192684292793274,1.0921008586883545,0.5054723620414734,1.1837557554244995,-0.0075425503342727,12,2.012096881866455,,False,False,S04_GRU_H32_L1,123
RUN_S04_GRU_H32_L1_SEED123,29,1136,0.8680875301361084,0.9317121505737304,0.3980414867401123,0.8559907674789429,-0.0141318844977649,10,1.2782257795333862,,False,False,S04_GRU_H32_L1,123
RUN_S04_GRU_H32_L1_SEED123,30,1150,0.8211405277252197,0.9061680436134338,0.4288594424724579,0.8061636090278625,-0.0185780138543063,5,1.2782257795333862,,False,False,S04_GRU_H32_L1,123
RUN_S04_GRU_H32_L1_SEED123,31,1164,1.0362902879714966,1.0179834365844729,0.4343318045139313,0.9720622301101683,-0.0660740185883457,11,1.923387050628662,,False,False,S04_GRU_H32_L1,123
RUN_S04_GRU_H32_L1_SEED123,32,1178,1.009792685508728,1.0048843622207642,0.466589868068695,0.9778226017951964,-0.0326951776885062,8,1.5403225421905518,,False,False,S04_GRU_H32_L1,123
RUN_S04_GRU_H32_L1_SEED123,33,1192,0.6330645084381104,0.7956535220146179,0.3375576138496399,0.6163594722747803,-0.0271027491500654,12,1.0040322542190552,,False,False,S04_GRU_H32_L1,123
RUN_S04_GRU_H32_L1_SEED123,34,1206,0.5999423861503601,0.774559497833252,0.3539746403694153,0.5682603716850281,-0.0557526374246144,12,0.9395161271095276,f3b0f945209bbf8c02ad,False,True,S04_GRU_H32_L1,123
RUN_S04_GRU_H32_L1_SEED123,35,1220,0.7027649879455566,0.8383107781410217,0.3485023081302643,0.6961405277252197,-0.0095159812660006,12,1.100806474685669,,False,False,S04_GRU_H32_L1,123
RUN_S04_GRU_H32_L1_SEED123,36,1234,0.7551843523979187,0.8690134286880493,0.4135944843292236,0.7353110313415527,-0.027027094942541,12,1.076612949371338,,False,False,S04_GRU_H32_L1,123
RUN_S04_GRU_H32_L1_SEED123,37,1248,0.726670503616333,0.8524497151374817,0.3677995502948761,0.6961405277252197,-0.0438560530168761,13,1.2540322542190552,,False,False,S04_GRU_H32_L1,123
RUN_S04_GRU_H32_L1_SEED123,38,1262,0.7880184054374695,0.8877040147781372,0.3876728117465973,0.7727534770965576,-0.01975394326049,11,1.4959677457809448,,False,False,S04_GRU_H32_L1,123
RUN_S04_GRU_H32_L1_SEED123,39,1276,1.0590437650680542,1.0290985107421875,0.450748860836029,1.0512672662734983,-0.0073972614234643,5,1.5564515590667725,,False,False,S04_GRU_H32_L1,123
RUN_S04_GRU_H32_L1_SEED123,40,1290,0.9605414867401124,0.9800722002983092,0.3977534472942352,0.9205068945884703,-0.0434918981997849,13,1.955645203590393,,False,False,S04_GRU_H32_L1,123
RUN_S04_GRU_H32_L1_SEED123,41,1304,0.7269585132598877,0.8526186347007751,0.3790322542190552,0.7151497602462769,-0.0165122799028056,13,1.0322580337524414,57cbd4b39d556b4b55ba,False,True,S04_GRU_H32_L1,123
RUN_S04_GRU_H32_L1_SEED123,42,1318,0.8876727819442749,0.94216388463974,0.3790322542190552,0.8643433451652527,-0.0269909370038152,10,1.7419354915618896,,False,False,S04_GRU_H32_L1,123
RUN_S04_GRU_H32_L1_SEED123,43,1332,0.8101958632469177,0.900108814239502,0.3701036870479584,0.8044354915618896,-0.0071607627279643,11,1.173387050628662,,False,False,S04_GRU_H32_L1,123
RUN_S04_GRU_H32_L1_SEED123,44,1346,0.9415322542190552,0.9703258275985718,0.4357718825340271,0.930875599384308,-0.0114479903026738,13,1.3830645084381104,,False,False,S04_GRU_H32_L1,123
RUN_S04_GRU_H32_L1_SEED123,45,1360,0.8698156476020813,0.9326390624046326,0.4147465527057647,0.8292050957679749,-0.048975280110278,12,1.4072580337524414,,False,False,S04_GRU_H32_L1,123
RUN_S04_GRU_H32_L1_SEED123,46,1374,1.092453956604004,1.0452052354812622,0.4409562349319458,1.0630760192871094,-0.0276348415201719,12,1.6129032373428345,,False,False,S04_GRU_H32_L1,123
RUN_S04_GRU_H32_L1_SEED123,47,1388,1.044930934906006,1.0222185850143433,0.4331797361373901,1.0195852518081665,-0.0248588169090231,9,1.4919354915618896,,False,False,S04_GRU_H32_L1,123
RUN_S04_GRU_H32_L1_SEED123,48,1402,0.7145737409591675,0.8453246355056763,0.3718318045139313,0.6944124698638916,-0.029033567181228,5,0.9395161271095276,83d8b8aa598e597b108d,False,True,S04_GRU_H32_L1,123
RUN_S04_GRU_H32_L1_SEED123,49,1416,0.7960829734802246,0.8922348022460938,0.3963133692741394,0.7701612710952759,-0.033657499224915,13,1.4112902879714966,,False,False,S04_GRU_H32_L1,123
RUN_S04_GRU_H32_L1_SEED123,50,1430,0.8876727819442749,0.94216388463974,0.3980414867401123,0.850806474685669,-0.0433310139914322,10,1.1935484409332275,,False,False,S04_GRU_H32_L1,123
RUN_S04_GRU_H32_L1_SEED123,51,1444,1.0239055156707764,1.011882185935974,0.3960253596305847,0.9953917264938354,-0.0286457968435982,13,1.5564515590667725,,False,False,S04_GRU_H32_L1,123
RUN_S04_GRU_H32_L1_SEED456,0,730,0.8643433451652527,0.9297006726264954,0.3378456234931946,0.7736175060272217,-0.1172748010886384,5,1.3024193048477173,647cf5751af4876c0a5c,False,True,S04_GRU_H32_L1,456
RUN_S04_GRU_H32_L1_SEED456,1,744,0.4415322542190552,0.6644789576530457,0.2543202638626098,0.4225230515003204,-0.0449897411543245,13,0.5967742204666138,,False,False,S04_GRU_H32_L1,456
RUN_S04_GRU_H32_L1_SEED456,2,758,1.6186635494232178,1.2722671031951904,0.335829496383667,1.419930934906006,-0.1399593526922964,13,2.4959676265716553,,False,False,S04_GRU_H32_L1,456
RUN_S04_GRU_H32_L1_SEED456,3,772,0.875,0.9354143738746644,0.3652073740959167,0.8024193644523621,-0.0904522482420062,11,1.580645203590393,,False,False,S04_GRU_H32_L1,456
RUN_S04_GRU_H32_L1_SEED456,4,786,1.2119815349578855,1.1009002923965454,0.4291474521160126,1.02102530002594,-0.1870239992359585,11,1.774193525314331,,False,False,S04_GRU_H32_L1,456
RUN_S04_GRU_H32_L1_SEED456,5,800,4.699596881866455,2.1678552627563477,1.078052997589111,0.6097350120544434,-6.707605417034551,13,11.77419376373291,,False,False,S04_GRU_H32_L1,456
RUN_S04_GRU_H32_L1_SEED456,6,814,0.6935483813285828,0.8327955007553101,0.3692396283149719,0.6411290168762207,-0.0817610232457819,12,1.1290322542190552,44ea1740928366acdada,False,True,S04_GRU_H32_L1,456
RUN_S04_GRU_H32_L1_SEED456,7,828,0.8130760192871094,0.9017072916030884,0.3942972421646118,0.7687212228775024,-0.0576994560441255,10,1.1411290168762207,,False,False,S04_GRU_H32_L1,456
RUN_S04_GRU_H32_L1_SEED456,8,842,0.6828917264938354,0.8263726234436035,0.3326613008975982,0.6140552759170532,-0.112101390992821,12,0.9717742204666138,,False,False,S04_GRU_H32_L1,456
RUN_S04_GRU_H32_L1_SEED456,9,856,0.6805875301361084,0.8249772787094116,0.3614631295204162,0.627592146396637,-0.0844423947045036,6,1.0604838132858276,,False,False,S04_GRU_H32_L1,456
RUN_S04_GRU_H32_L1_SEED456,10,870,0.710829496383667,0.8431070446968079,0.3329493105411529,0.6221198439598083,-0.1425925459300887,13,1.395161271095276,,False,False,S04_GRU_H32_L1,456
RUN_S04_GRU_H32_L1_SEED456,11,884,1.161866307258606,1.0778989791870115,0.4567972421646118,1.0645161867141724,-0.0914501082833909,13,2.052419424057007,,False,False,S04_GRU_H32_L1,456
RUN_S04_GRU_H32_L1_SEED456,12,898,1.4484447240829468,1.203513503074646,0.5313940048217773,1.2995392084121704,-0.1145833190002132,13,2.6169354915618896,,False,False,S04_GRU_H32_L1,456
RUN_S04_GRU_H32_L1_SEED456,13,912,1.0100806951522827,1.0050276517868042,0.4674539268016815,0.9205068945884703,-0.0973092120117773,13,1.9475806951522827,4d90336c40807428afb7,False,True,S04_GRU_H32_L1,456
RUN_S04_GRU_H32_L1_SEED456,14,926,1.1281682252883911,1.062152624130249,0.4714861810207367,1.0440667867660522,-0.0805517803921711,11,1.9112902879714968,,False,False,S04_GRU_H32_L1,456
RUN_S04_GRU_H32_L1_SEED456,15,940,0.990783393383026,0.9953810572624208,0.4268433153629303,0.9026497602462769,-0.0976387930493696,13,1.5120967626571655,,False,False,S04_GRU_H32_L1,456
RUN_S04_GRU_H32_L1_SEED456,16,954,0.6347926259040833,0.7967387437820435,0.3392857015132904,0.5169931054115295,-0.2278551092065039,12,1.1330645084381104,,False,False,S04_GRU_H32_L1,456
RUN_S04_GRU_H32_L1_SEED456,17,968,1.0452189445495603,1.0223594903945925,0.4513248801231384,0.9593893885612488,-0.089462690552609,10,1.6088709831237793,,False,False,S04_GRU_H32_L1,456
RUN_S04_GRU_H32_L1_SEED456,18,982,0.6895161271095276,0.830371081829071,0.3127880096435547,0.586693525314331,-0.1752577749006307,13,1.225806474685669,,False,False,S04_GRU_H32_L1,456
RUN_S04_GRU_H32_L1_SEED456,19,996,1.112327218055725,1.0546692609786987,0.4706221222877502,0.9579492807388306,-0.1611546043417127,13,1.9919354915618896,,False,False,S04_GRU_H32_L1,456
RUN_S04_GRU_H32_L1_SEED456,20,1010,1.0486750602722168,1.0240483283996582,0.4046658873558044,1.0365782976150513,-0.0116698976671589,13,2.290322542190552,c840706024ffb5d029a1,False,True,S04_GRU_H32_L1,456
RUN_S04_GRU_H32_L1_SEED456,21,1024,0.6935483813285828,0.8327955007553101,0.3508064448833465,0.6952764987945557,0.0024855111153174,12,0.947580635547638,,False,False,S04_GRU_H32_L1,456
RUN_S04_GRU_H32_L1_SEED456,22,1038,0.838421642780304,0.915653645992279,0.3752880096435547,0.8280529975891113,-0.0125217168724478,13,1.6290322542190552,,False,False,S04_GRU_H32_L1,456
RUN_S04_GRU_H32_L1_SEED456,23,1052,0.7246543765068054,0.8512663245201111,0.3629032373428345,0.713421642780304,-0.0157448737926226,12,1.4395161867141724,,False,False,S04_GRU_H32_L1,456
RUN_S04_GRU_H32_L1_SEED456,24,1066,0.6319124698638916,0.7949292063713074,0.346198171377182,0.6261520981788635,-0.0091996364809474,12,1.080645203590393,,False,False,S04_GRU_H32_L1,456
RUN_S04_GRU_H32_L1_SEED456,25,1080,1.0653802156448364,1.0321725606918335,0.4259792566299438,1.0538594722747805,-0.0109319540917427,8,1.5725806951522827,,False,False,S04_GRU_H32_L1,456
RUN_S04_GRU_H32_L1_SEED456,26,1094,0.9360598921775818,0.9675018787384032,0.4089861810207367,0.9202188849449158,-0.0172143905019013,12,1.451612949371338,,False,False,S04_GRU_H32_L1,456
RUN_S04_GRU_H32_L1_SEED456,27,1108,0.9095622301101683,0.9537097215652466,0.3928571343421936,0.89573734998703,-0.0154340779954509,13,1.5645161867141724,e6a4fbefbb3e640d742d,False,True,S04_GRU_H32_L1,456
RUN_S04_GRU_H32_L1_SEED456,28,1122,1.1938364505767822,1.0926282405853271,0.5089285969734192,1.1837557554244995,-0.0085158573515595,12,2.036290407180786,,False,False,S04_GRU_H32_L1,456
RUN_S04_GRU_H32_L1_SEED456,29,1136,0.8747119903564453,0.9352604150772096,0.3989055156707763,0.8559907674789429,-0.0218708233648827,10,1.294354796409607,,False,False,S04_GRU_H32_L1,456
RUN_S04_GRU_H32_L1_SEED456,30,1150,0.8104838728904724,0.9002687931060791,0.4199308753013611,0.8061636090278625,-0.0053590410361237,5,1.2661290168762207,,False,False,S04_GRU_H32_L1,456
RUN_S04_GRU_H32_L1_SEED456,31,1164,1.0178571939468384,1.008889079093933,0.4389400780200958,0.9720622301101683,-0.0471111441409257,12,1.8588709831237793,,False,False,S04_GRU_H32_L1,456
RUN_S04_GRU_H32_L1_SEED456,32,1178,1.0218894481658936,1.01088547706604,0.4688940048217773,0.9778226017951964,-0.045066299643508,8,1.5524193048477173,,False,False,S04_GRU_H32_L1,456
RUN_S04_GRU_H32_L1_SEED456,33,1192,0.6385368704795837,0.7990850210189819,0.344182014465332,0.6163594722747803,-0.035981272621566,12,1.0080645084381104,,False,False,S04_GRU_H32_L1,456
RUN_S04_GRU_H32_L1_SEED456,34,1206,0.5956221222877502,0.7717655897140503,0.3536866307258606,0.5682603716850281,-0.0481500241193804,13,0.947580635547638,225e6f3bf75b018dd1cb,False,True,S04_GRU_H32_L1,456
RUN_S04_GRU_H32_L1_SEED456,35,1220,0.6595622301101685,0.8121343851089478,0.3444700539112091,0.6961405277252197,0.0525444161893263,9,1.0,,False,False,S04_GRU_H32_L1,456
RUN_S04_GRU_H32_L1_SEED456,36,1234,0.7681451439857483,0.8764389157295227,0.4150345623493194,0.7353110313415527,-0.0446533660514933,12,1.100806474685669,,False,False,S04_GRU_H32_L1,456
RUN_S04_GRU_H32_L1_SEED456,37,1248,0.6771313548088074,0.8228799104690552,0.3557027578353882,0.6961405277252197,0.0273065166576763,13,1.0524193048477173,,False,False,S04_GRU_H32_L1,456
RUN_S04_GRU_H32_L1_SEED456,38,1262,0.7799538969993591,0.8831499814987183,0.382488489151001,0.7727534770965576,-0.0093178744790065,11,1.5,,False,False,S04_GRU_H32_L1,456
RUN_S04_GRU_H32_L1_SEED456,39,1276,1.0982142686843872,1.047957181930542,0.4536290466785431,1.0512672662734983,-0.0446575327864102,5,1.576612949371338,,False,False,S04_GRU_H32_L1,456
RUN_S04_GRU_H32_L1_SEED456,40,1290,0.9645737409591676,0.9821271300315856,0.390841007232666,0.9205068945884703,-0.0478723697016933,13,1.979838728904724,,False,False,S04_GRU_H32_L1,456
RUN_S04_GRU_H32_L1_SEED456,41,1304,0.731566846370697,0.8553168177604675,0.3807603716850281,0.7151497602462769,-0.0229561513364229,13,1.0362902879714966,c3ab30fdc8fbd41e5b9e,False,True,S04_GRU_H32_L1,456
RUN_S04_GRU_H32_L1_SEED456,42,1318,0.8850806355476379,0.9407872557640076,0.3781681954860687,0.8643433451652527,-0.0239919593277142,10,1.8104838132858276,,False,False,S04_GRU_H32_L1,456
RUN_S04_GRU_H32_L1_SEED456,43,1332,0.825748860836029,0.9087072610855104,0.3729838728904724,0.8044354915618896,-0.0264948146839685,13,1.294354796409607,,False,False,S04_GRU_H32_L1,456
RUN_S04_GRU_H32_L1_SEED456,44,1346,0.9403801560401917,0.9697319865226746,0.4380760490894317,0.930875599384308,-0.0102103403098869,13,1.4274193048477173,,False,False,S04_GRU_H32_L1,456
RUN_S04_GRU_H32_L1_SEED456,45,1360,0.8738479018211365,0.934798300266266,0.4112903177738189,0.8292050957679749,-0.0538380748996909,12,1.4112902879714966,,False,False,S04_GRU_H32_L1,456
RUN_S04_GRU_H32_L1_SEED456,46,1374,1.0645161867141724,1.0317538976669312,0.4366359412670135,1.0630760192871094,-0.0013547172553367,12,1.5403225421905518,,False,False,S04_GRU_H32_L1,456
RUN_S04_GRU_H32_L1_SEED456,47,1388,1.0345622301101685,1.0171343088150024,0.4331797361373901,1.0195852518081665,-0.0146892849572326,11,1.4919354915618896,,False,False,S04_GRU_H32_L1,456
RUN_S04_GRU_H32_L1_SEED456,48,1402,0.7174538969993591,0.847026526927948,0.3747119903564453,0.6944124698638916,-0.0331811828494148,5,0.9395161271095276,524d46ce826370c6ae8d,False,True,S04_GRU_H32_L1,456
RUN_S04_GRU_H32_L1_SEED456,49,1416,0.8009792566299438,0.8949744701385498,0.3989055156707763,0.7701612710952759,-0.0400149769811724,12,1.3669354915618896,,False,False,S04_GRU_H32_L1,456
RUN_S04_GRU_H32_L1_SEED456,50,1430,0.8657833933830261,0.930474817752838,0.3974654376506805,0.850806474685669,-0.0176032025413186,10,1.145161271095276,,False,False,S04_GRU_H32_L1,456
RUN_S04_GRU_H32_L1_SEED456,51,1444,1.029953956604004,1.0148664712905884,0.3997695744037628,0.9953917264938354,-0.0347222396873945,12,1.5604838132858276,,False,False,S04_GRU_H32_L1,456
RUN_S04_GRU_H32_L1_SEED789,0,730,0.7845622301101685,0.885755181312561,0.3352534472942352,0.7736175060272217,-0.0141474617594312,5,1.2338709831237793,f1836818caf7bd132e7b,False,True,S04_GRU_H32_L1,789
RUN_S04_GRU_H32_L1_SEED789,1,744,0.427419364452362,0.6537731885910034,0.2482718825340271,0.4225230515003204,-0.0115882741418615,9,0.5322580933570862,,False,False,S04_GRU_H32_L1,789
RUN_S04_GRU_H32_L1_SEED789,2,758,1.5095045566558838,1.2286189794540403,0.3366935551166534,1.419930934906006,-0.0630830835133593,12,2.2661290168762207,,False,False,S04_GRU_H32_L1,789
RUN_S04_GRU_H32_L1_SEED789,3,772,0.8605991005897522,0.9276847839355468,0.3623271882534027,0.8024193644523621,-0.0725053989407358,11,1.5645161867141724,,False,False,S04_GRU_H32_L1,789
RUN_S04_GRU_H32_L1_SEED789,4,786,1.1745392084121704,1.0837615728378296,0.4182027578353882,1.02102530002594,-0.1503526978051672,11,1.6854838132858276,,False,False,S04_GRU_H32_L1,789
RUN_S04_GRU_H32_L1_SEED789,5,800,4.269009113311768,2.0661580562591553,1.0178571939468384,0.6097350120544434,-6.001417056448428,13,10.197580337524414,,False,False,S04_GRU_H32_L1,789
RUN_S04_GRU_H32_L1_SEED789,6,814,0.6601382493972778,0.8124889135360718,0.3536866307258606,0.6411290168762207,-0.0296496212473365,12,0.979838728904724,82d2446e9935c19eadb6,False,True,S04_GRU_H32_L1,789
RUN_S04_GRU_H32_L1_SEED789,7,828,0.7860022783279419,0.8865677118301392,0.3804723620414734,0.7687212228775024,-0.0224802632425737,6,1.100806474685669,,False,False,S04_GRU_H32_L1,789
RUN_S04_GRU_H32_L1_SEED789,8,842,0.6270161271095276,0.7918434739112854,0.3142281174659729,0.6140552759170532,-0.0211069779884525,6,0.899193525314331,,False,False,S04_GRU_H32_L1,789
RUN_S04_GRU_H32_L1_SEED789,9,856,0.6552419066429138,0.8094701170921326,0.3476382493972778,0.627592146396637,-0.04405689332639,6,1.044354796409607,,False,False,S04_GRU_H32_L1,789
RUN_S04_GRU_H32_L1_SEED789,10,870,0.6442972421646118,0.8026812672615051,0.3101958632469177,0.6221198439598083,-0.0356481125302863,13,1.104838728904724,,False,False,S04_GRU_H32_L1,789
RUN_S04_GRU_H32_L1_SEED789,11,884,1.091013789176941,1.0445160865783691,0.4331797361373901,1.0645161867141724,-0.0248916858132128,13,1.8387097120285032,,False,False,S04_GRU_H32_L1,789
RUN_S04_GRU_H32_L1_SEED789,12,898,1.393145203590393,1.1803157329559326,0.5204492807388306,1.2995392084121704,-0.0720301431248036,11,2.403225898742676,,False,False,S04_GRU_H32_L1,789
RUN_S04_GRU_H32_L1_SEED789,13,912,1.005184292793274,1.0025887489318848,0.4723502397537231,0.9205068945884703,-0.0919899662920613,13,1.729838728904724,e630549f737bae379319,False,True,S04_GRU_H32_L1,789
RUN_S04_GRU_H32_L1_SEED789,14,926,1.1993087530136108,1.0951296091079712,0.4867511391639709,1.0440667867660522,-0.1486896894100169,11,1.959677457809448,,False,False,S04_GRU_H32_L1,789
RUN_S04_GRU_H32_L1_SEED789,15,940,0.9858871102333068,0.9929184913635254,0.4363479316234588,0.9026497602462769,-0.0922144486742231,13,1.419354796409607,,False,False,S04_GRU_H32_L1,789
RUN_S04_GRU_H32_L1_SEED789,16,954,0.6281682252883911,0.7925706505775452,0.3476382493972778,0.5169931054115295,-0.215041784335529,12,1.1330645084381104,,False,False,S04_GRU_H32_L1,789
RUN_S04_GRU_H32_L1_SEED789,17,968,1.1033985614776611,1.050427794456482,0.4772465527057647,0.9593893885612488,-0.150105029963252,10,1.7137097120285034,,False,False,S04_GRU_H32_L1,789
RUN_S04_GRU_H32_L1_SEED789,18,982,0.6967166066169739,0.8346955180168152,0.3165322542190552,0.586693525314331,-0.1875307576365292,13,1.2661290168762207,,False,False,S04_GRU_H32_L1,789
RUN_S04_GRU_H32_L1_SEED789,19,996,1.0757488012313845,1.037183165550232,0.4697580635547638,0.9579492807388306,-0.1229705192760302,12,1.9112902879714968,,False,False,S04_GRU_H32_L1,789
RUN_S04_GRU_H32_L1_SEED789,20,1010,1.0590437650680542,1.0290985107421875,0.4069700539112091,1.0365782976150513,-0.0216727163830183,13,2.310483932495117,bc664cf6f24c657d5400,False,True,S04_GRU_H32_L1,789
RUN_S04_GRU_H32_L1_SEED789,21,1024,0.6843317747116089,0.8272435069084167,0.3479262590408325,0.6952764987945557,0.0157415418210198,12,0.9556451439857484,,False,False,S04_GRU_H32_L1,789
RUN_S04_GRU_H32_L1_SEED789,22,1038,0.8605991005897522,0.9276847839355468,0.377880185842514,0.8280529975891113,-0.0393043719368195,13,1.7661290168762207,,False,False,S04_GRU_H32_L1,789
RUN_S04_GRU_H32_L1_SEED789,23,1052,0.7592166066169739,0.8713303804397583,0.3669354915618896,0.713421642780304,-0.064190600747968,12,1.5080645084381104,,False,False,S04_GRU_H32_L1,789
RUN_S04_GRU_H32_L1_SEED789,24,1066,0.6304723620414734,0.7940229177474976,0.3459101319313049,0.6261520981788635,-0.0068997035627209,12,1.0927419662475586,,False,False,S04_GRU_H32_L1,789
RUN_S04_GRU_H32_L1_SEED789,25,1080,1.0650922060012815,1.032033085823059,0.4262672662734985,1.0538594722747805,-0.0106586637232146,8,1.5846774578094482,,False,False,S04_GRU_H32_L1,789
RUN_S04_GRU_H32_L1_SEED789,26,1094,0.9412442445755004,0.970177412033081,0.4107142984867096,0.9202188849449158,-0.0228482157610179,12,1.451612949371338,,False,False,S04_GRU_H32_L1,789
RUN_S04_GRU_H32_L1_SEED789,27,1108,0.8914170265197754,0.94414883852005,0.3856566846370697,0.89573734998703,0.0048232034393979,13,1.520161271095276,b5da14e4a6b9213f397b,False,True,S04_GRU_H32_L1,789
RUN_S04_GRU_H32_L1_SEED789,28,1122,1.1826037168502808,1.0874758958816528,0.5040322542190552,1.1837557554244995,0.0009732063129911,12,1.9959677457809448,,False,False,S04_GRU_H32_L1,789
RUN_S04_GRU_H32_L1_SEED789,29,1136,0.859158992767334,0.926908314228058,0.3902649879455566,0.8559907674789429,-0.0037012376870864,10,1.2459677457809448,,False,False,S04_GRU_H32_L1,789
RUN_S04_GRU_H32_L1_SEED789,30,1150,0.8087557554244995,0.8993085026741028,0.4176267385482788,0.8061636090278625,-0.0032154098344414,5,1.2822580337524414,,False,False,S04_GRU_H32_L1,789
RUN_S04_GRU_H32_L1_SEED789,31,1164,0.9858871102333068,0.9929184913635254,0.4219470024108886,0.9720622301101683,-0.0142222171532901,11,1.7862902879714966,,False,False,S04_GRU_H32_L1,789
RUN_S04_GRU_H32_L1_SEED789,32,1178,0.9904953837394714,0.995236337184906,0.4616935551166534,0.9778226017951964,-0.0129602055843347,8,1.520161271095276,,False,False,S04_GRU_H32_L1,789
RUN_S04_GRU_H32_L1_SEED789,33,1192,0.6215437650680542,0.7883804440498352,0.3341013789176941,0.6163594722747803,-0.0084111513272284,12,0.9717742204666138,,False,False,S04_GRU_H32_L1,789
RUN_S04_GRU_H32_L1_SEED789,34,1206,0.5901497602462769,0.768212080001831,0.3522465527057647,0.5682603716850281,-0.0385199983175696,13,0.9233871102333068,e251a14d94e114caa365,False,True,S04_GRU_H32_L1,789
RUN_S04_GRU_H32_L1_SEED789,35,1220,0.6601382493972778,0.8124889135360718,0.3433179855346679,0.6961405277252197,0.0517169693389159,9,1.020161271095276,,False,False,S04_GRU_H32_L1,789
RUN_S04_GRU_H32_L1_SEED789,36,1234,0.773329496383667,0.8793915510177612,0.4150345623493194,0.7353110313415527,-0.0517039231313458,12,1.1330645084381104,,False,False,S04_GRU_H32_L1,789
RUN_S04_GRU_H32_L1_SEED789,37,1248,0.6707949042320251,0.819020688533783,0.3533986210823059,0.6961405277252197,0.0364087744984716,13,1.0645161867141724,,False,False,S04_GRU_H32_L1,789
RUN_S04_GRU_H32_L1_SEED789,38,1262,0.7825461030006409,0.8846163749694824,0.3850806355476379,0.7727534770965576,-0.0126723802536312,11,1.5040322542190552,,False,False,S04_GRU_H32_L1,789
RUN_S04_GRU_H32_L1_SEED789,39,1276,1.0936059951782229,1.045756220817566,0.4559331834316253,1.0512672662734983,-0.040273991460616,5,1.5564515590667725,,False,False,S04_GRU_H32_L1,789
RUN_S04_GRU_H32_L1_SEED789,40,1290,0.9484447240829468,0.9738812446594238,0.3902649879455566,0.9205068945884703,-0.0303504836940591,13,1.899193525314331,,False,False,S04_GRU_H32_L1,789
RUN_S04_GRU_H32_L1_SEED789,41,1304,0.726670503616333,0.8524497151374817,0.3787442445755005,0.7151497602462769,-0.01610955356552,13,1.0322580337524414,07e80021dc401dff427e,False,True,S04_GRU_H32_L1,789
RUN_S04_GRU_H32_L1_SEED789,42,1318,0.8804723620414734,0.9383348822593688,0.3787442445755005,0.8643433451652527,-0.0186604281347675,10,1.7419354915618896,,False,False,S04_GRU_H32_L1,789
RUN_S04_GRU_H32_L1_SEED789,43,1332,0.8125,0.9013878107070924,0.3706797361373901,0.8044354915618896,-0.0100250530001508,11,1.1854838132858276,,False,False,S04_GRU_H32_L1,789
RUN_S04_GRU_H32_L1_SEED789,44,1346,0.94182026386261,0.9704742431640624,0.4354838728904724,0.930875599384308,-0.0117573867931879,13,1.354838728904724,,False,False,S04_GRU_H32_L1,789
RUN_S04_GRU_H32_L1_SEED789,45,1360,0.8637672662734985,0.929390788078308,0.4138824939727783,0.8292050957679749,-0.0416810879261586,12,1.4153225421905518,,False,False,S04_GRU_H32_L1,789
RUN_S04_GRU_H32_L1_SEED789,46,1374,1.0904377698898315,1.0442402362823486,0.4406681954860687,1.0630760192871094,-0.0257382822171745,12,1.5967742204666138,,False,False,S04_GRU_H32_L1,789
RUN_S04_GRU_H32_L1_SEED789,47,1388,1.0492511987686155,1.024329662322998,0.432891696691513,1.0195852518081665,-0.0290960926590873,11,1.5120967626571655,,False,False,S04_GRU_H32_L1,789
RUN_S04_GRU_H32_L1_SEED789,48,1402,0.7091013789176941,0.8420815467834473,0.3726958632469177,0.6944124698638916,-0.0211530029935689,5,0.9395161271095276,6c397c3be7acef050c96,False,True,S04_GRU_H32_L1,789
RUN_S04_GRU_H32_L1_SEED789,49,1416,0.8009792566299438,0.8949744701385498,0.398329496383667,0.7701612710952759,-0.0400149769811724,13,1.451612949371338,,False,False,S04_GRU_H32_L1,789
RUN_S04_GRU_H32_L1_SEED789,50,1430,0.8562787771224976,0.9253533482551576,0.3914170563220978,0.850806474685669,-0.0064319003200468,10,1.1129032373428345,,False,False,S04_GRU_H32_L1,789
RUN_S04_GRU_H32_L1_SEED789,51,1444,1.008352518081665,1.004167556762695,0.3931451737880707,0.9953917264938354,-0.0130207949723297,12,1.4879032373428345,,False,False,S04_GRU_H32_L1,789
RUN_S04_GRU_H32_L1_SEED1024,0,730,0.8329492807388306,0.912660539150238,0.3364055156707763,0.7736175060272217,-0.0766939401569348,5,1.2177419662475586,010050432dc0ce8afd1c,False,True,S04_GRU_H32_L1,1024
RUN_S04_GRU_H32_L1_SEED1024,1,744,0.4248271882534027,0.6517876982688904,0.2491359412670135,0.4225230515003204,-0.0054532805841021,9,0.5161290168762207,,False,False,S04_GRU_H32_L1,1024
RUN_S04_GRU_H32_L1_SEED1024,2,758,1.5544354915618896,1.2467700242996216,0.3303571343421936,1.419930934906006,-0.0947261260032956,13,2.427419424057007,,False,False,S04_GRU_H32_L1,1024
RUN_S04_GRU_H32_L1_SEED1024,3,772,0.8597350120544434,0.9272189736366272,0.3608871102333069,0.8024193644523621,-0.0714285448995841,11,1.5725806951522827,,False,False,S04_GRU_H32_L1,1024
RUN_S04_GRU_H32_L1_SEED1024,4,786,1.203341007232666,1.0969690084457395,0.427419364452362,1.02102530002594,-0.178561400194583,11,1.7096774578094482,,False,False,S04_GRU_H32_L1,1024
RUN_S04_GRU_H32_L1_SEED1024,5,800,5.088709831237793,2.25581693649292,1.139976978302002,0.6097350120544434,-7.345772721976184,13,12.133064270019531,,False,False,S04_GRU_H32_L1,1024
RUN_S04_GRU_H32_L1_SEED1024,6,814,0.6561059951782227,0.8100036978721619,0.3519585132598877,0.6411290168762207,-0.0233603189182958,12,0.9919354915618896,760aa9c1cea78a15b3fe,False,True,S04_GRU_H32_L1,1024
RUN_S04_GRU_H32_L1_SEED1024,7,828,0.7811059951782227,0.8838019967079163,0.3801843225955963,0.7687212228775024,-0.0161108760004844,6,1.104838728904724,,False,False,S04_GRU_H32_L1,1024
RUN_S04_GRU_H32_L1_SEED1024,8,842,0.6506336331367493,0.8066186308860779,0.3194124400615692,0.6140552759170532,-0.0595685089832809,6,0.927419364452362,,False,False,S04_GRU_H32_L1,1024
RUN_S04_GRU_H32_L1_SEED1024,9,856,0.6575461030006409,0.8108921647071838,0.3487903177738189,0.627592146396637,-0.047728380248202,6,1.0564515590667725,,False,False,S04_GRU_H32_L1,1024
RUN_S04_GRU_H32_L1_SEED1024,10,870,0.6598502397537231,0.8123116493225098,0.3119239509105682,0.6221198439598083,-0.06064811492551,13,1.1854838132858276,,False,False,S04_GRU_H32_L1,1024
RUN_S04_GRU_H32_L1_SEED1024,11,884,1.10829496383667,1.0527558326721191,0.4360599219799042,1.0645161867141724,-0.0411255156745233,13,1.8870967626571655,,False,False,S04_GRU_H32_L1,1024
RUN_S04_GRU_H32_L1_SEED1024,12,898,1.403513789176941,1.1846998929977417,0.5216013789176941,1.2995392084121704,-0.0800088062689627,13,2.439516067504883,,False,False,S04_GRU_H32_L1,1024
RUN_S04_GRU_H32_L1_SEED1024,13,912,0.9853110313415528,0.9926283359527588,0.4570852518081665,0.9205068945884703,-0.0704004903538002,13,1.7903225421905518,28b472238cf43de944ed,False,True,S04_GRU_H32_L1,1024
RUN_S04_GRU_H32_L1_SEED1024,14,926,1.10829496383667,1.0527558326721191,0.4625576138496399,1.0440667867660522,-0.0615173070197563,11,1.8709677457809448,,False,False,S04_GRU_H32_L1,1024
RUN_S04_GRU_H32_L1_SEED1024,15,940,1.0025922060012815,1.0012952089309692,0.427131325006485,0.9026497602462769,-0.1107211790847169,13,1.5120967626571655,,False,False,S04_GRU_H32_L1,1024
RUN_S04_GRU_H32_L1_SEED1024,16,954,0.6417050957679749,0.8010649681091309,0.3381336331367492,0.5169931054115295,-0.2412256354118569,13,1.1411290168762207,,False,False,S04_GRU_H32_L1,1024
RUN_S04_GRU_H32_L1_SEED1024,17,968,1.012672781944275,1.0063164234161377,0.4458525478839874,0.9593893885612488,-0.0555388604651263,10,1.5927419662475586,,False,False,S04_GRU_H32_L1,1024
RUN_S04_GRU_H32_L1_SEED1024,18,982,0.6970046162605286,0.8348680138587952,0.3162442445755005,0.586693525314331,-0.1880216606908973,13,1.229838728904724,,False,False,S04_GRU_H32_L1,1024
RUN_S04_GRU_H32_L1_SEED1024,19,996,1.096486210823059,1.04713237285614,0.4634216725826263,0.9579492807388306,-0.1446182307035923,13,1.895161271095276,,False,False,S04_GRU_H32_L1,1024
RUN_S04_GRU_H32_L1_SEED1024,20,1010,1.0673962831497192,1.0331487655639648,0.4130184352397918,1.0365782976150513,-0.0297304946530074,13,2.262096881866455,c0deae2bb90feb5eb5c3,False,True,S04_GRU_H32_L1,1024
RUN_S04_GRU_H32_L1_SEED1024,21,1024,0.7001727819442749,0.8367632627487183,0.351670503616333,0.6952764987945557,-0.0070422100534222,12,0.9959677457809448,,False,False,S04_GRU_H32_L1,1024
RUN_S04_GRU_H32_L1_SEED1024,22,1038,0.9040898680686952,0.950836420059204,0.3839285671710968,0.8280529975891113,-0.0918260916885347,13,2.036290407180786,,False,False,S04_GRU_H32_L1,1024
RUN_S04_GRU_H32_L1_SEED1024,23,1052,0.8254608511924744,0.9085487723350524,0.3796083033084869,0.713421642780304,-0.1570448689719279,12,1.6774193048477173,,False,False,S04_GRU_H32_L1,1024
RUN_S04_GRU_H32_L1_SEED1024,24,1066,0.6229838728904724,0.7892932891845703,0.344182014465332,0.6261520981788635,0.0050598333817066,12,1.0685484409332275,,False,False,S04_GRU_H32_L1,1024
RUN_S04_GRU_H32_L1_SEED1024,25,1080,1.0973502397537231,1.0475448369979858,0.4372119903564453,1.0538594722747805,-0.0412680899333448,8,1.6209677457809448,,False,False,S04_GRU_H32_L1,1024
RUN_S04_GRU_H32_L1_SEED1024,26,1094,0.9694700241088868,0.9846166968345642,0.4147465527057647,0.9202188849449158,-0.0535211132587429,12,1.524193525314331,,False,False,S04_GRU_H32_L1,1024
RUN_S04_GRU_H32_L1_SEED1024,27,1108,0.9320276379585266,0.9654157757759094,0.3899769484996795,0.89573734998703,-0.0405144297846038,13,1.6370967626571655,2c32083a8219be962d4a,False,True,S04_GRU_H32_L1,1024
RUN_S04_GRU_H32_L1_SEED1024,28,1122,1.187788009643555,1.0898568630218506,0.5092166066169739,1.1837557554244995,-0.0034063227997647,12,2.024193525314331,,False,False,S04_GRU_H32_L1,1024
RUN_S04_GRU_H32_L1_SEED1024,29,1136,0.8568548560142517,0.9256645441055298,0.3896889388561249,0.8559907674789429,-0.0010094601111805,10,1.2338709831237793,,False,False,S04_GRU_H32_L1,1024
RUN_S04_GRU_H32_L1_SEED1024,30,1150,0.8073156476020813,0.8985074758529663,0.4184907972812652,0.8061636090278625,-0.0014290381770121,5,1.2620967626571655,,False,False,S04_GRU_H32_L1,1024
RUN_S04_GRU_H32_L1_SEED1024,31,1164,0.9781106114387512,0.9889947772026062,0.4187788069248199,0.9720622301101683,-0.0062222161722067,11,1.7540322542190552,,False,False,S04_GRU_H32_L1,1024
RUN_S04_GRU_H32_L1_SEED1024,32,1178,0.9778226017951964,0.9888491034507751,0.4593893885612488,0.9778226017951964,0.0,8,1.520161271095276,,False,False,S04_GRU_H32_L1,1024
RUN_S04_GRU_H32_L1_SEED1024,33,1192,0.6307603716850281,0.7942042350769043,0.3375576138496399,0.6163594722747803,-0.0233644489263689,12,1.0,,False,False,S04_GRU_H32_L1,1024
RUN_S04_GRU_H32_L1_SEED1024,34,1206,0.5864055156707764,0.765771210193634,0.3508064448833465,0.5682603716850281,-0.0319310388157871,13,0.9112903475761414,e24fc608cd3ac275aa72,False,True,S04_GRU_H32_L1,1024
RUN_S04_GRU_H32_L1_SEED1024,35,1220,0.6771313548088074,0.8228799104690552,0.3493663668632507,0.6961405277252197,0.0273065166576763,13,1.0362902879714966,,False,False,S04_GRU_H32_L1,1024
RUN_S04_GRU_H32_L1_SEED1024,36,1234,0.7557603716850281,0.8693447709083557,0.4112903177738189,0.7353110313415527,-0.027810463153485,12,1.044354796409607,,False,False,S04_GRU_H32_L1,1024
RUN_S04_GRU_H32_L1_SEED1024,37,1248,0.6906682252883911,0.8310645222663879,0.3571428656578064,0.6961405277252197,0.0078609163220398,13,1.1088709831237793,,False,False,S04_GRU_H32_L1,1024
RUN_S04_GRU_H32_L1_SEED1024,38,1262,0.79176265001297,0.8898104429244995,0.3868087530136108,0.7727534770965576,-0.0245992719280085,11,1.5564515590667725,,False,False,S04_GRU_H32_L1,1024
RUN_S04_GRU_H32_L1_SEED1024,39,1276,1.0843894481658936,1.0413402318954468,0.4536290466785431,1.0512672662734983,-0.0315069088090278,5,1.576612949371338,,False,False,S04_GRU_H32_L1,1024
RUN_S04_GRU_H32_L1_SEED1024,40,1290,0.9510368704795836,0.9752112030982972,0.3905529975891113,0.9205068945884703,-0.0331664825875772,13,1.8830645084381104,,False,False,S04_GRU_H32_L1,1024
RUN_S04_GRU_H32_L1_SEED1024,41,1304,0.7344470024108887,0.856998860836029,0.3819124400615692,0.7151497602462769,-0.0269834980549619,13,1.076612949371338,2fbb2df67977608a9ff9,False,True,S04_GRU_H32_L1,1024
RUN_S04_GRU_H32_L1_SEED1024,42,1318,0.882488489151001,0.9394086003303528,0.3790322542190552,0.8643433451652527,-0.0209929816516134,10,1.7419354915618896,,False,False,S04_GRU_H32_L1,1024
RUN_S04_GRU_H32_L1_SEED1024,43,1332,0.8191244006156921,0.9050549268722534,0.3744239509105682,0.8044354915618896,-0.0182598967945615,12,1.2096774578094482,,False,False,S04_GRU_H32_L1,1024
RUN_S04_GRU_H32_L1_SEED1024,44,1346,0.9550691246986388,0.9772763848304749,0.4383640587329864,0.930875599384308,-0.0259900735719498,13,1.4435484409332275,,False,False,S04_GRU_H32_L1,1024
RUN_S04_GRU_H32_L1_SEED1024,45,1360,0.8643433451652527,0.9297006726264954,0.4075460731983185,0.8292050957679749,-0.0423758242401226,12,1.4274193048477173,,False,False,S04_GRU_H32_L1,1024
RUN_S04_GRU_H32_L1_SEED1024,46,1374,1.082661271095276,1.0405100584030151,0.4426843225955963,1.0630760192871094,-0.0184231903013862,12,1.6129032373428345,,False,False,S04_GRU_H32_L1,1024
RUN_S04_GRU_H32_L1_SEED1024,47,1388,1.0506912469863892,1.0250322818756104,0.4372119903564453,1.0195852518081665,-0.0305084789359773,11,1.520161271095276,,False,False,S04_GRU_H32_L1,1024
RUN_S04_GRU_H32_L1_SEED1024,48,1402,0.7019008994102478,0.8377952575683594,0.3712557554244995,0.6944124698638916,-0.0107838350711415,5,0.9395161271095276,2553d6a6fa402ff8a0a6,False,True,S04_GRU_H32_L1,1024
RUN_S04_GRU_H32_L1_SEED1024,49,1416,0.7811059951782227,0.8838019967079163,0.3934331834316253,0.7701612710952759,-0.0142109509965124,13,1.350806474685669,,False,False,S04_GRU_H32_L1,1024
RUN_S04_GRU_H32_L1_SEED1024,50,1430,0.8608871102333069,0.927839994430542,0.3925691246986389,0.850806474685669,-0.0118483296114575,10,1.1169354915618896,,False,False,S04_GRU_H32_L1,1024
RUN_S04_GRU_H32_L1_SEED1024,51,1444,1.00432026386261,1.0021578073501587,0.3914170563220978,0.9953917264938354,-0.0089698729968594,12,1.475806474685669,,False,False,S04_GRU_H32_L1,1024
RUN_S11_LATENT16_SEED42,0,730,0.9919354915618896,0.9959595799446106,0.382488489151001,0.7736175060272217,-0.2822040398953769,13,1.6975806951522827,caab154b0c62876b9e4c,False,True,S11_LATENT16,42
RUN_S11_LATENT16_SEED42,1,744,0.5138248801231384,0.7168157696723938,0.2989631295204162,0.4225230515003204,-0.2160872129901976,13,0.8669354915618896,,False,False,S11_LATENT16,42
RUN_S11_LATENT16_SEED42,2,758,1.89602530002594,1.3769623041152954,0.3787442445755005,1.419930934906006,-0.3352940297419815,13,3.302419424057007,,False,False,S11_LATENT16,42
RUN_S11_LATENT16_SEED42,3,772,0.9527649879455566,0.97609680891037,0.3899769484996795,0.8024193644523621,-0.1873653978874288,11,1.7177419662475586,,False,False,S11_LATENT16,42
RUN_S11_LATENT16_SEED42,4,786,1.2678571939468384,1.125991702079773,0.4429723620414734,1.02102530002594,-0.2417490476628028,11,1.9112902879714968,,False,False,S11_LATENT16,42
RUN_S11_LATENT16_SEED42,5,800,3.8773040771484375,1.9690871238708496,0.9700461030006408,0.6097350120544434,-5.358998582161512,13,9.145161628723145,,False,False,S11_LATENT16,42
RUN_S11_LATENT16_SEED42,6,814,0.6895161271095276,0.830371081829071,0.3623271882534027,0.6411290168762207,-0.0754717209167412,12,1.0887097120285034,16a224c56bcc66ab6151,False,True,S11_LATENT16,42
RUN_S11_LATENT16_SEED42,7,828,0.8081797361373901,0.8989881873130798,0.388248860836029,0.7687212228775024,-0.0513300688020363,10,1.1290322542190552,,False,False,S11_LATENT16,42
RUN_S11_LATENT16_SEED42,8,842,0.6347926259040833,0.7967387437820435,0.3208525478839874,0.6140552759170532,-0.033771145368078,6,0.899193525314331,,False,False,S11_LATENT16,42
RUN_S11_LATENT16_SEED42,9,856,0.6676267385482788,0.8170843124389648,0.3496543765068054,0.627592146396637,-0.0637907793803718,6,1.044354796409607,,False,False,S11_LATENT16,42
RUN_S11_LATENT16_SEED42,10,870,0.6561059951782227,0.8100036978721619,0.3185483813285827,0.6221198439598083,-0.0546295887334047,13,1.1774193048477173,,False,False,S11_LATENT16,42
RUN_S11_LATENT16_SEED42,11,884,1.140552997589111,1.0679666996002195,0.4464285671710968,1.0645161867141724,-0.0714285154363323,13,2.036290407180786,,False,False,S11_LATENT16,42
RUN_S11_LATENT16_SEED42,12,898,1.3830645084381104,1.1760376691818235,0.5167050957679749,1.2995392084121704,-0.0642730126842379,9,2.3911290168762207,,False,False,S11_LATENT16,42
RUN_S11_LATENT16_SEED42,13,912,1.0123847723007202,1.0061733722686768,0.4628456234931946,0.9205068945884703,-0.0998122645820327,13,1.9354838132858276,6d189a6e2fcd027041c4,False,True,S11_LATENT16,42
RUN_S11_LATENT16_SEED42,14,926,1.1215437650680542,1.0590295791625977,0.4619815647602081,1.0440667867660522,-0.0742069178754198,11,1.8588709831237793,,False,False,S11_LATENT16,42
RUN_S11_LATENT16_SEED42,15,940,0.9962557554244996,0.9981261491775512,0.4236751198768616,0.9026497602462769,-0.1037013460820988,13,1.5161290168762207,,False,False,S11_LATENT16,42
RUN_S11_LATENT16_SEED42,16,954,0.7900345325469971,0.8888388872146606,0.3557027578353882,0.5169931054115295,-0.5281335945827073,13,1.645161271095276,,False,False,S11_LATENT16,42
RUN_S11_LATENT16_SEED42,17,968,0.9720622301101683,0.9859321713447572,0.427131325006485,0.9593893885612488,-0.0132092784223145,10,1.5564515590667725,df9119e00d42bbf6c523,False,True,S11_LATENT16,42
RUN_S11_LATENT16_SEED42,18,982,0.5993663668632507,0.7741875648498535,0.279089868068695,0.586693525314331,-0.0216004455514144,13,1.125,,False,False,S11_LATENT16,42
RUN_S11_LATENT16_SEED42,19,996,0.9743663668632508,0.9871000051498412,0.4294354915618896,0.9579492807388306,-0.0171377404362769,12,1.8387097120285032,,False,False,S11_LATENT16,42
RUN_S11_LATENT16_SEED42,20,1010,1.0385944843292236,1.01911461353302,0.4026497602462768,1.0365782976150513,-0.00194504044587,13,2.2701613903045654,,False,False,S11_LATENT16,42
RUN_S11_LATENT16_SEED42,21,1024,0.6768433451652527,0.8227049112319946,0.3467741906642914,0.6952764987945557,0.026511975683432,12,0.8951612710952759,,False,False,S11_LATENT16,42
RUN_S11_LATENT16_SEED42,22,1038,0.8369815945625305,0.9148669838905334,0.3755760490894317,0.8280529975891113,-0.0107826395163292,13,1.6532257795333862,,False,False,S11_LATENT16,42
RUN_S11_LATENT16_SEED42,23,1052,0.7384792566299438,0.8593481779098511,0.3663594424724579,0.713421642780304,-0.0351231478652467,12,1.4435484409332275,,False,False,S11_LATENT16,42
RUN_S11_LATENT16_SEED42,24,1066,0.625,0.7905694246292114,0.3364055156707763,0.6261520981788635,0.001839965372973,12,1.1330645084381104,5959b9b3280b68743bb7,False,True,S11_LATENT16,42
RUN_S11_LATENT16_SEED42,25,1080,1.0734447240829468,1.03607177734375,0.4202188849449157,1.0538594722747805,-0.0185843106442753,8,1.5725806951522827,,False,False,S11_LATENT16,42
RUN_S11_LATENT16_SEED42,26,1094,0.9380760192871094,0.9685432314872742,0.404089868068695,0.9202188849449158,-0.0194053117517387,12,1.479838728904724,,False,False,S11_LATENT16,42
RUN_S11_LATENT16_SEED42,27,1108,0.9495967626571656,0.9744725823402404,0.4023617506027221,0.89573734998703,-0.0601285775020048,13,1.8064515590667725,,False,False,S11_LATENT16,42
RUN_S11_LATENT16_SEED42,28,1122,1.1696428060531616,1.0815002918243408,0.504896342754364,1.1837557554244995,0.0119221801513242,12,1.955645203590393,,False,False,S11_LATENT16,42
RUN_S11_LATENT16_SEED42,29,1136,0.8868087530136108,0.9417052268981934,0.4035138189792633,0.8559907674789429,-0.0360027078626477,10,1.330645203590393,,False,False,S11_LATENT16,42
RUN_S11_LATENT16_SEED42,30,1150,0.796658992767334,0.8925575613975525,0.421658992767334,0.8061636090278625,0.0117899346411703,5,1.2620967626571655,,False,False,S11_LATENT16,42
RUN_S11_LATENT16_SEED42,31,1164,1.0904377698898315,1.0442402362823486,0.4412442445755005,0.9720622301101683,-0.1217777382074056,11,2.1693549156188965,431f4c5c6bf5b0f1509a,False,True,S11_LATENT16,42
RUN_S11_LATENT16_SEED42,32,1178,1.1033985614776611,1.050427794456482,0.4772465527057647,0.9778226017951964,-0.1284240714541862,13,1.7177419662475586,,False,False,S11_LATENT16,42
RUN_S11_LATENT16_SEED42,33,1192,0.6206797361373901,0.7878323197364807,0.3384216725826263,0.6163594722747803,-0.0070093250074751,13,0.9556451439857484,,False,False,S11_LATENT16,42
RUN_S11_LATENT16_SEED42,34,1206,0.6189516186714172,0.7867347598075867,0.3557027578353882,0.5682603716850281,-0.0892042618352524,13,1.0362902879714966,,False,False,S11_LATENT16,42
RUN_S11_LATENT16_SEED42,35,1220,0.679147481918335,0.8241040706634521,0.3485023081302643,0.6961405277252197,0.0244103670596697,13,1.076612949371338,,False,False,S11_LATENT16,42
RUN_S11_LATENT16_SEED42,36,1234,0.8101958632469177,0.900108814239502,0.4248271882534027,0.7353110313415527,-0.1018410287803515,12,1.1572580337524414,,False,False,S11_LATENT16,42
RUN_S11_LATENT16_SEED42,37,1248,0.6428571343421936,0.8017837405204773,0.3450460731983185,0.6961405277252197,0.0765411454453606,13,0.9677419066429138,,False,False,S11_LATENT16,42
RUN_S11_LATENT16_SEED42,38,1262,0.7839861512184143,0.8854299187660217,0.388248860836029,0.7727534770965576,-0.0145359088697483,11,1.5322580337524414,140c017679d7a83fb8ca,False,True,S11_LATENT16,42
RUN_S11_LATENT16_SEED42,39,1276,1.0904377698898315,1.0442402362823486,0.4544930756092071,1.0512672662734983,-0.0372602713629459,5,1.5564515590667725,,False,False,S11_LATENT16,42
RUN_S11_LATENT16_SEED42,40,1290,0.9360598921775818,0.9675018787384032,0.3905529975891113,0.9205068945884703,-0.0168961228650705,13,1.794354796409607,,False,False,S11_LATENT16,42
RUN_S11_LATENT16_SEED42,41,1304,0.7381912469863892,0.8591805696487427,0.3885368704795837,0.7151497602462769,-0.0322191071310398,13,1.0040322542190552,,False,False,S11_LATENT16,42
RUN_S11_LATENT16_SEED42,42,1318,0.9026497602462769,0.9500788450241088,0.3894009292125702,0.8643433451652527,-0.0443185168200728,10,1.770161271095276,,False,False,S11_LATENT16,42
RUN_S11_LATENT16_SEED42,43,1332,0.8139401078224182,0.9021862745285034,0.377880185842514,0.8044354915618896,-0.0118152622058911,11,1.173387050628662,,False,False,S11_LATENT16,42
RUN_S11_LATENT16_SEED42,44,1346,0.9706221222877502,0.9852015376091005,0.4487327337265014,0.930875599384308,-0.0426979963055549,13,1.423387050628662,,False,False,S11_LATENT16,42
RUN_S11_LATENT16_SEED42,45,1360,0.8640552759170532,0.929545760154724,0.4061059951782226,0.8292050957679749,-0.0420284201423071,12,1.4959677457809448,4ac12ceaeb6b55957d45,False,True,S11_LATENT16,42
RUN_S11_LATENT16_SEED42,46,1374,1.0878455638885498,1.0429983139038086,0.4392281174659729,1.0630760192871094,-0.0232998808665165,12,1.580645203590393,,False,False,S11_LATENT16,42
RUN_S11_LATENT16_SEED42,47,1388,1.036002278327942,1.017841935157776,0.4230990707874298,1.0195852518081665,-0.0161016712341228,11,1.4959677457809448,,False,False,S11_LATENT16,42
RUN_S11_LATENT16_SEED42,48,1402,0.7799538969993591,0.8831499814987183,0.3894009292125702,0.6944124698638916,-0.1231853269458627,10,1.100806474685669,,False,False,S11_LATENT16,42
RUN_S11_LATENT16_SEED42,49,1416,0.8234447240829468,0.907438576221466,0.4098502397537231,0.7701612710952759,-0.0691847993237759,12,1.4596774578094482,,False,False,S11_LATENT16,42
RUN_S11_LATENT16_SEED42,50,1430,0.8718317747116089,0.9337193369865416,0.4052419364452362,0.850806474685669,-0.0247122003081932,10,1.1612902879714966,,False,False,S11_LATENT16,42
RUN_S11_LATENT16_SEED42,51,1444,1.04147469997406,1.020526647567749,0.4164746403694153,0.9953917264938354,-0.0462963195831926,12,1.5645161867141724,,False,False,S11_LATENT16,42
RUN_S11_LATENT16_SEED123,0,730,0.9775345325469972,0.9887034893035888,0.3859446942806244,0.7736175060272217,-0.2635889505227924,13,1.5685484409332275,ad24a452d38fc604940b,False,True,S11_LATENT16,123
RUN_S11_LATENT16_SEED123,1,744,0.60426265001297,0.7773433327674866,0.328341007232666,0.4225230515003204,-0.4301294281278087,13,1.0282257795333862,,False,False,S11_LATENT16,123
RUN_S11_LATENT16_SEED123,2,758,1.9409562349319456,1.3931820392608645,0.4161866307258606,1.419930934906006,-0.366937072231918,13,3.3709676265716553,,False,False,S11_LATENT16,123
RUN_S11_LATENT16_SEED123,3,772,1.006624460220337,1.0033067464828491,0.4196428656578064,0.8024193644523621,-0.2544867494658998,11,1.8104838132858276,,False,False,S11_LATENT16,123
RUN_S11_LATENT16_SEED123,4,786,1.3052995204925537,1.1424970626831057,0.4717741906642914,1.02102530002594,-0.2784203490935939,11,1.9395161867141724,,False,False,S11_LATENT16,123
RUN_S11_LATENT16_SEED123,5,800,3.1468894481658936,1.7739474773406982,0.9193548560142516,0.6097350120544434,-4.161077166231201,13,6.8669352531433105,,False,False,S11_LATENT16,123
RUN_S11_LATENT16_SEED123,6,814,0.6684907674789429,0.8176128268241882,0.3568548262119293,0.6411290168762207,-0.0426774485048846,12,1.020161271095276,4a7f2cbf450313bf423f,False,True,S11_LATENT16,123
RUN_S11_LATENT16_SEED123,7,828,0.8081797361373901,0.8989881873130798,0.388248860836029,0.7687212228775024,-0.0513300688020363,10,1.1129032373428345,,False,False,S11_LATENT16,123
RUN_S11_LATENT16_SEED123,8,842,0.6445852518081665,0.802860677242279,0.3202764987945556,0.6140552759170532,-0.0497186118065977,6,0.9193548560142516,,False,False,S11_LATENT16,123
RUN_S11_LATENT16_SEED123,9,856,0.664170503616333,0.8149665594100952,0.3536866307258606,0.627592146396637,-0.0582836439711891,6,1.0564515590667725,,False,False,S11_LATENT16,123
RUN_S11_LATENT16_SEED123,10,870,0.6944124698638916,0.8333141207695007,0.3297811150550842,0.6221198439598083,-0.1162036970946609,13,1.330645203590393,,False,False,S11_LATENT16,123
RUN_S11_LATENT16_SEED123,11,884,1.1304723024368286,1.0632367134094238,0.4438363909721374,1.0645161867141724,-0.0619587720185279,13,1.9919354915618896,,False,False,S11_LATENT16,123
RUN_S11_LATENT16_SEED123,12,898,1.4619815349578855,1.2091243267059326,0.5305299758911133,1.2995392084121704,-0.1249999426675196,13,2.560483932495117,,False,False,S11_LATENT16,123
RUN_S11_LATENT16_SEED123,13,912,1.2404954433441162,1.1137752532958984,0.5175691246986389,0.9205068945884703,-0.3476221097710545,13,2.447580575942993,c8e0c17df21627900b2a,False,True,S11_LATENT16,123
RUN_S11_LATENT16_SEED123,14,926,1.0809332132339478,1.0396794080734253,0.487039178609848,1.0440667867660522,-0.0353104101530588,12,1.7096774578094482,,False,False,S11_LATENT16,123
RUN_S11_LATENT16_SEED123,15,940,1.0388824939727783,1.0192558765411377,0.4513248801231384,0.9026497602462769,-0.1509253530287673,13,1.604838728904724,,False,False,S11_LATENT16,123
RUN_S11_LATENT16_SEED123,16,954,0.7200461030006409,0.848555326461792,0.3836405575275421,0.5169931054115295,-0.3927576508539314,13,1.330645203590393,,False,False,S11_LATENT16,123
RUN_S11_LATENT16_SEED123,17,968,1.169354796409607,1.0813671350479126,0.4930875599384308,0.9593893885612488,-0.2188531688506931,10,1.830645203590393,,False,False,S11_LATENT16,123
RUN_S11_LATENT16_SEED123,18,982,0.7626727819442749,0.8733114004135132,0.3577188849449157,0.586693525314331,-0.2999509096945632,13,1.475806474685669,,False,False,S11_LATENT16,123
RUN_S11_LATENT16_SEED123,19,996,1.1235599517822266,1.059981107711792,0.4778225719928741,0.9579492807388306,-0.1728804169210991,13,2.040322542190552,,False,False,S11_LATENT16,123
RUN_S11_LATENT16_SEED123,20,1010,1.0529954433441162,1.026155710220337,0.4072580635547638,1.0365782976150513,-0.0158378250507822,13,2.334677457809448,516711d4a2e1ff146be9,False,True,S11_LATENT16,123
RUN_S11_LATENT16_SEED123,21,1024,0.6877880096435547,0.8293298482894897,0.3490783274173736,0.6952764987945557,0.0107705195903848,12,0.9354838728904724,,False,False,S11_LATENT16,123
RUN_S11_LATENT16_SEED123,22,1038,0.8450461030006409,0.9192638993263244,0.3761520683765411,0.8280529975891113,-0.0205217606373084,13,1.6975806951522827,,False,False,S11_LATENT16,123
RUN_S11_LATENT16_SEED123,23,1052,0.7312787771224976,0.8551483750343323,0.3637672662734985,0.713421642780304,-0.0250302671959905,12,1.4879032373428345,,False,False,S11_LATENT16,123
RUN_S11_LATENT16_SEED123,24,1066,0.6296082735061646,0.7934786081314087,0.346198171377182,0.6261520981788635,-0.0055197057350013,12,1.0725806951522827,,False,False,S11_LATENT16,123
RUN_S11_LATENT16_SEED123,25,1080,1.0650922060012815,1.032033085823059,0.4262672662734985,1.0538594722747805,-0.0106586637232146,8,1.5725806951522827,,False,False,S11_LATENT16,123
RUN_S11_LATENT16_SEED123,26,1094,0.9351958632469176,0.9670552611351012,0.408698171377182,0.9202188849449158,-0.0162754520115053,12,1.4314515590667725,,False,False,S11_LATENT16,123
RUN_S11_LATENT16_SEED123,27,1108,1.008352518081665,1.004167556762695,0.4000576138496399,0.89573734998703,-0.1257234256183084,13,1.794354796409607,439c81b3a69bc3d15b8e,False,True,S11_LATENT16,123
RUN_S11_LATENT16_SEED123,28,1122,1.2111175060272217,1.1005078554153442,0.5100806355476379,1.1837557554244995,-0.0231143548636096,12,2.0685484409332275,,False,False,S11_LATENT16,123
RUN_S11_LATENT16_SEED123,29,1136,0.8822004795074463,0.9392552971839904,0.39372119307518,0.8559907674789429,-0.0306191527108359,10,1.2580645084381104,,False,False,S11_LATENT16,123
RUN_S11_LATENT16_SEED123,30,1150,0.8300691246986389,0.911081314086914,0.4256912469863891,0.8061636090278625,-0.0296534294069705,5,1.274193525314331,,False,False,S11_LATENT16,123
RUN_S11_LATENT16_SEED123,31,1164,0.9259792566299438,0.9622781872749328,0.4173386991024017,0.9720622301101683,0.047407431389451,11,1.600806474685669,,False,False,S11_LATENT16,123
RUN_S11_LATENT16_SEED123,32,1178,0.9997119903564452,0.9998559951782228,0.4651497602462768,0.9778226017951964,-0.02238584843617,8,1.455645203590393,,False,False,S11_LATENT16,123
RUN_S11_LATENT16_SEED123,33,1192,0.6209677457809448,0.7880150675773621,0.3341013789176941,0.6163594722747803,-0.0074766004473929,12,0.9838709831237792,,False,False,S11_LATENT16,123
RUN_S11_LATENT16_SEED123,34,1206,0.5913018584251404,0.7689615488052368,0.3499423861503601,0.5682603716850281,-0.0405474108141463,12,0.9153226017951964,310dd824dfa646d8980c,False,True,S11_LATENT16,123
RUN_S11_LATENT16_SEED123,35,1220,0.6768433451652527,0.8227049112319946,0.3467741906642914,0.6961405277252197,0.0277202400828816,9,1.0282257795333862,,False,False,S11_LATENT16,123
RUN_S11_LATENT16_SEED123,36,1234,0.77073734998703,0.8779164552688599,0.414170503616333,0.7353110313415527,-0.0481786851216456,12,1.0887097120285034,,False,False,S11_LATENT16,123
RUN_S11_LATENT16_SEED123,37,1248,0.6898041367530823,0.8305444717407227,0.354550689458847,0.6961405277252197,0.0091021722192254,13,1.1290322542190552,,False,False,S11_LATENT16,123
RUN_S11_LATENT16_SEED123,38,1262,0.7880184054374695,0.8877040147781372,0.385368674993515,0.7727534770965576,-0.01975394326049,11,1.5403225421905518,,False,False,S11_LATENT16,123
RUN_S11_LATENT16_SEED123,39,1276,1.1120392084121704,1.0545326471328735,0.4593893885612488,1.0512672662734983,-0.0578082701595898,13,1.5927419662475586,,False,False,S11_LATENT16,123
RUN_S11_LATENT16_SEED123,40,1290,0.9199308753013612,0.9591302871704102,0.3865207433700561,0.9205068945884703,0.0006257631425639,13,1.6814515590667725,,False,False,S11_LATENT16,123
RUN_S11_LATENT16_SEED123,41,1304,0.7229262590408325,0.8502507209777832,0.3790322542190552,0.7151497602462769,-0.0108739444894419,13,1.0161290168762207,a32255524cd564fe3bd0,False,True,S11_LATENT16,123
RUN_S11_LATENT16_SEED123,42,1318,0.8847926259040833,0.9406341910362244,0.3790322542190552,0.8643433451652527,-0.0236587472480866,10,1.7782257795333862,,False,False,S11_LATENT16,123
RUN_S11_LATENT16_SEED123,43,1332,0.8171082735061646,0.9039404392242432,0.3724078238010406,0.8044354915618896,-0.0157536335445238,13,1.2459677457809448,,False,False,S11_LATENT16,123
RUN_S11_LATENT16_SEED123,44,1346,0.9510368704795836,0.9752112030982972,0.4372119903564453,0.930875599384308,-0.0216583946432915,13,1.399193525314331,,False,False,S11_LATENT16,123
RUN_S11_LATENT16_SEED123,45,1360,0.9043778777122498,0.9509878158569336,0.4291474521160126,0.8292050957679749,-0.0906564399181037,12,1.520161271095276,,False,False,S11_LATENT16,123
RUN_S11_LATENT16_SEED123,46,1374,1.0864055156707764,1.042307734489441,0.4475806355476379,1.0630760192871094,-0.0219452757473652,12,1.6370967626571655,,False,False,S11_LATENT16,123
RUN_S11_LATENT16_SEED123,47,1388,1.0446428060531616,1.0220776796340942,0.4334677457809448,1.0195852518081665,-0.0245762227342511,11,1.5080645084381104,,False,False,S11_LATENT16,123
RUN_S11_LATENT16_SEED123,48,1402,0.7543202638626099,0.8685161471366882,0.3804723620414734,0.6944124698638916,-0.0862711955769752,10,1.0161290168762207,eb954a09422ddec1616e,False,True,S11_LATENT16,123
RUN_S11_LATENT16_SEED123,49,1416,0.7750576138496399,0.8803735375404358,0.3954493105411529,0.7701612710952759,-0.0063575551486778,13,1.294354796409607,,False,False,S11_LATENT16,123
RUN_S11_LATENT16_SEED123,50,1430,0.9406682252883912,0.9698805212974548,0.4084101319313049,0.850806474685669,-0.1056194954744811,10,1.3024193048477173,,False,False,S11_LATENT16,123
RUN_S11_LATENT16_SEED123,51,1444,1.0031682252883911,1.0015828609466553,0.4000576138496399,0.9953917264938354,-0.0078125009356342,12,1.4879032373428345,,False,False,S11_LATENT16,123
RUN_S11_LATENT16_SEED456,0,730,1.0164170265197754,1.0081751346588137,0.3977534472942352,0.7736175060272217,-0.3138495685541147,13,1.6129032373428345,bfb44d4a0c1a24a40493,False,True,S11_LATENT16,456
RUN_S11_LATENT16_SEED456,1,744,0.5437787771224976,0.7374135851860046,0.3081797361373901,0.4225230515003204,-0.2869801427202965,13,0.9112903475761414,,False,False,S11_LATENT16,456
RUN_S11_LATENT16_SEED456,2,758,1.7972350120544434,1.3406099081039429,0.3680875599384308,1.419930934906006,-0.2657200205117114,13,3.052419424057007,,False,False,S11_LATENT16,456
RUN_S11_LATENT16_SEED456,3,772,0.9435483813285828,0.971364200115204,0.3945852518081665,0.8024193644523621,-0.1758793757084102,11,1.6653225421905518,,False,False,S11_LATENT16,456
RUN_S11_LATENT16_SEED456,4,786,1.3456220626831057,1.160009503364563,0.4660138189792633,1.02102530002594,-0.3179125557896742,11,2.100806474685669,,False,False,S11_LATENT16,456
RUN_S11_LATENT16_SEED456,5,800,3.2727534770965576,1.8090753555297852,0.8706797361373901,0.6097350120544434,-4.367501311872071,13,7.391129016876221,,False,False,S11_LATENT16,456
RUN_S11_LATENT16_SEED456,6,814,0.6754032373428345,0.8218291997909546,0.3580069243907928,0.6411290168762207,-0.0534591627650988,12,1.0403225421905518,8b920f6bc9d160a5a392,False,True,S11_LATENT16,456
RUN_S11_LATENT16_SEED456,7,828,0.8136520981788635,0.9020266532897948,0.3891128897666931,0.7687212228775024,-0.0584488550129711,10,1.1290322542190552,,False,False,S11_LATENT16,456
RUN_S11_LATENT16_SEED456,8,842,0.664170503616333,0.8149665594100952,0.3214285671710968,0.6140552759170532,-0.0816135446836374,12,0.947580635547638,,False,False,S11_LATENT16,456
RUN_S11_LATENT16_SEED456,9,856,0.6635944843292236,0.8146131038665771,0.3525345623493194,0.627592146396637,-0.0573658197275037,6,1.0524193048477173,,False,False,S11_LATENT16,456
RUN_S11_LATENT16_SEED456,10,870,0.7151497602462769,0.8456652760505676,0.3222926259040832,0.6221198439598083,-0.1495369697489967,13,1.4435484409332275,,False,False,S11_LATENT16,456
RUN_S11_LATENT16_SEED456,11,884,1.1042627096176147,1.050839066505432,0.4372119903564453,1.0645161867141724,-0.0373376407042973,13,1.875,,False,False,S11_LATENT16,456
RUN_S11_LATENT16_SEED456,12,898,1.4783985614776611,1.215894103050232,0.5296658873558044,1.2995392084121704,-0.1376329024224118,11,2.649193525314331,,False,False,S11_LATENT16,456
RUN_S11_LATENT16_SEED456,13,912,0.9870391488075256,0.99349844455719,0.4576613008975982,0.9205068945884703,-0.0722778445334726,13,1.8709677457809448,09fd8dd57e75b6765f6f,False,True,S11_LATENT16,456
RUN_S11_LATENT16_SEED456,14,926,1.130184292793274,1.063101291656494,0.4660138189792633,1.0440667867660522,-0.0824827560064107,11,1.899193525314331,,False,False,S11_LATENT16,456
RUN_S11_LATENT16_SEED456,15,940,1.0063364505767822,1.00316321849823,0.4256912469863891,0.9026497602462769,-0.1148692382106386,13,1.5120967626571655,,False,False,S11_LATENT16,456
RUN_S11_LATENT16_SEED456,16,954,0.6339285969734192,0.7961963415145874,0.3407258093357086,0.5169931054115295,-0.2261838510763278,12,1.1209677457809448,,False,False,S11_LATENT16,456
RUN_S11_LATENT16_SEED456,17,968,1.02102530002594,1.010457992553711,0.4484446942806244,0.9593893885612488,-0.0642449376651159,10,1.580645203590393,,False,False,S11_LATENT16,456
RUN_S11_LATENT16_SEED456,18,982,0.694988489151001,0.8336597084999084,0.3165322542190552,0.586693525314331,-0.1845852377161467,13,1.2379032373428345,,False,False,S11_LATENT16,456
RUN_S11_LATENT16_SEED456,19,996,1.072292685508728,1.0355156660079956,0.4570852518081665,0.9579492807388306,-0.119362691813609,12,1.8225806951522827,,False,False,S11_LATENT16,456
RUN_S11_LATENT16_SEED456,20,1010,1.0587557554244995,1.0289585590362549,0.4135944843292236,1.0365782976150513,-0.021394869891135,13,2.322580575942993,4927a0f192ec8f16745f,False,True,S11_LATENT16,456
RUN_S11_LATENT16_SEED456,21,1024,0.700748860836029,0.8371074199676514,0.3557027578353882,0.6952764987945557,-0.0078707709105099,12,1.0040322542190552,,False,False,S11_LATENT16,456
RUN_S11_LATENT16_SEED456,22,1038,0.9032257795333862,0.9503819346427916,0.3894009292125702,0.8280529975891113,-0.0907825732931848,13,1.9314515590667725,,False,False,S11_LATENT16,456
RUN_S11_LATENT16_SEED456,23,1052,0.7857142686843872,0.8864052295684814,0.375,0.713421642780304,-0.1013322579090099,12,1.604838728904724,,False,False,S11_LATENT16,456
RUN_S11_LATENT16_SEED456,24,1066,0.6428571343421936,0.8017837405204773,0.3531106114387512,0.6261520981788635,-0.0266788791603764,12,1.1209677457809448,,False,False,S11_LATENT16,456
RUN_S11_LATENT16_SEED456,25,1080,1.093317985534668,1.0456184148788452,0.4389400780200958,1.0538594722747805,-0.0374419116570785,8,1.600806474685669,,False,False,S11_LATENT16,456
RUN_S11_LATENT16_SEED456,26,1094,0.9542050957679749,0.976834237575531,0.4138824939727783,0.9202188849449158,-0.0369327465226856,12,1.4677419662475586,,False,False,S11_LATENT16,456
RUN_S11_LATENT16_SEED456,27,1108,0.9585253596305848,0.9790430665016174,0.3974654376506805,0.89573734998703,-0.070096451425704,13,1.6895161867141724,1657f552dd2321e19aec,False,True,S11_LATENT16,456
RUN_S11_LATENT16_SEED456,28,1122,1.26670503616333,1.1254799365997314,0.5218893885612488,1.1837557554244995,-0.0700729693255721,12,2.0927419662475586,,False,False,S11_LATENT16,456
RUN_S11_LATENT16_SEED456,29,1136,0.859158992767334,0.926908314228058,0.3914170563220978,0.8559907674789429,-0.0037012376870864,10,1.326612949371338,,False,False,S11_LATENT16,456
RUN_S11_LATENT16_SEED456,30,1150,0.836693525314331,0.9147095084190368,0.4225230515003204,0.8061636090278625,-0.0378706207332826,5,1.3225806951522827,,False,False,S11_LATENT16,456
RUN_S11_LATENT16_SEED456,31,1164,0.953341007232666,0.976391851902008,0.4182027578353882,0.9720622301101683,0.0192592843313957,12,1.7096774578094482,,False,False,S11_LATENT16,456
RUN_S11_LATENT16_SEED456,32,1178,1.009792685508728,1.0048843622207642,0.4642857015132904,0.9778226017951964,-0.0326951776885062,8,1.4677419662475586,,False,False,S11_LATENT16,456
RUN_S11_LATENT16_SEED456,33,1192,0.6422811150550842,0.8014244437217712,0.3404377996921539,0.6163594722747803,-0.0420560467492057,13,1.0161290168762207,,False,False,S11_LATENT16,456
RUN_S11_LATENT16_SEED456,34,1206,0.5930299758911133,0.7700843811035156,0.3493663668632507,0.5682603716850281,-0.0435884771141745,12,0.927419364452362,1a8344c5f3132a12b8b8,False,True,S11_LATENT16,456
RUN_S11_LATENT16_SEED456,35,1220,0.6719470024108887,0.8197237253189087,0.3436059951782226,0.6961405277252197,0.0347537951760807,9,1.0403225421905518,,False,False,S11_LATENT16,456
RUN_S11_LATENT16_SEED456,36,1234,0.763248860836029,0.8736411333084106,0.4130184352397918,0.7353110313415527,-0.0379945741375653,12,1.080645203590393,,False,False,S11_LATENT16,456
RUN_S11_LATENT16_SEED456,37,1248,0.6938363909721375,0.8329684138298035,0.3597350120544433,0.6961405277252197,0.003309873023212,13,1.104838728904724,,False,False,S11_LATENT16,456
RUN_S11_LATENT16_SEED456,38,1262,0.7969470024108887,0.8927189111709595,0.3856566846370697,0.7727534770965576,-0.0313082063444509,11,1.576612949371338,,False,False,S11_LATENT16,456
RUN_S11_LATENT16_SEED456,39,1276,1.0852534770965576,1.041754961013794,0.453341007232666,1.0512672662734983,-0.0323288015459022,5,1.5564515590667725,,False,False,S11_LATENT16,456
RUN_S11_LATENT16_SEED456,40,1290,0.9484447240829468,0.9738812446594238,0.3891128897666931,0.9205068945884703,-0.0303504836940591,13,1.9435484409332275,,False,False,S11_LATENT16,456
RUN_S11_LATENT16_SEED456,41,1304,0.8580068945884705,0.9262866377830504,0.404089868068695,0.7151497602462769,-0.1997583475284921,13,1.6129032373428345,a2d94819b340a0023200,False,True,S11_LATENT16,456
RUN_S11_LATENT16_SEED456,42,1318,1.0434907674789429,1.0215139389038086,0.4069700539112091,0.8643433451652527,-0.2072641888385675,12,2.1451613903045654,,False,False,S11_LATENT16,456
RUN_S11_LATENT16_SEED456,43,1332,1.174827218055725,1.0838944911956787,0.4472926259040832,0.8044354915618896,-0.4604368285326197,13,2.4919354915618896,,False,False,S11_LATENT16,456
RUN_S11_LATENT16_SEED456,44,1346,1.1561059951782229,1.075223684310913,0.4884792566299438,0.930875599384308,-0.2419554191160289,13,2.600806474685669,,False,False,S11_LATENT16,456
RUN_S11_LATENT16_SEED456,45,1360,1.1235599517822266,1.059981107711792,0.4501728117465973,0.8292050957679749,-0.3549843790354816,13,2.028225898742676,,False,False,S11_LATENT16,456
RUN_S11_LATENT16_SEED456,46,1374,1.0486750602722168,1.0240483283996582,0.4351958632469177,1.0630760192871094,0.0135464997362556,12,1.6814515590667725,,False,False,S11_LATENT16,456
RUN_S11_LATENT16_SEED456,47,1388,1.0869815349578855,1.0425840616226196,0.4429723620414734,1.0195852518081665,-0.0661016653881529,11,1.6532257795333862,,False,False,S11_LATENT16,456
RUN_S11_LATENT16_SEED456,48,1402,0.7456797361373901,0.8635274767875671,0.3816244304180145,0.6944124698638916,-0.0738282627377748,10,1.044354796409607,9ae800a2dc2db9d41223,False,True,S11_LATENT16,456
RUN_S11_LATENT16_SEED456,49,1416,0.8058755993843079,0.8977057337760925,0.4049539268016815,0.7701612710952759,-0.0463725321298502,13,1.4112902879714966,,False,False,S11_LATENT16,456
RUN_S11_LATENT16_SEED456,50,1430,0.8692396283149719,0.9323301911354064,0.3928571343421936,0.850806474685669,-0.0216655069957161,10,1.1370967626571655,,False,False,S11_LATENT16,456
RUN_S11_LATENT16_SEED456,51,1444,1.0216014385223389,1.0107430219650269,0.3966013789176941,0.9953917264938354,-0.0263310527211477,13,1.5524193048477173,,False,False,S11_LATENT16,456
RUN_S11_LATENT16_SEED789,0,730,0.9421082735061646,0.9706225991249084,0.3735599219799042,0.7736175060272217,-0.2177959601046231,13,1.455645203590393,6462986341b91cf603bd,False,True,S11_LATENT16,789
RUN_S11_LATENT16_SEED789,1,744,0.4982718825340271,0.7058837413787842,0.2926267385482788,0.4225230515003204,-0.1792773927120263,12,0.6814516186714172,,False,False,S11_LATENT16,789
RUN_S11_LATENT16_SEED789,2,758,1.7027649879455566,1.3049004077911377,0.3611751198768616,1.419930934906006,-0.199188598604814,13,2.7419354915618896,,False,False,S11_LATENT16,789
RUN_S11_LATENT16_SEED789,3,772,0.8994815945625305,0.9484100341796876,0.3758640587329864,0.8024193644523621,-0.120961973763447,11,1.6330645084381104,,False,False,S11_LATENT16,789
RUN_S11_LATENT16_SEED789,4,786,1.263536810874939,1.124071478843689,0.4421083033084869,1.02102530002594,-0.2375176313876237,11,1.915322542190552,,False,False,S11_LATENT16,789
RUN_S11_LATENT16_SEED789,5,800,4.22091007232666,2.054485321044922,1.0313940048217771,0.6097350120544434,-5.922531901365989,13,9.237903594970703,,False,False,S11_LATENT16,789
RUN_S11_LATENT16_SEED789,6,814,0.6598502397537231,0.8123116493225098,0.3539746403694153,0.6411290168762207,-0.0292003986478697,12,0.9838709831237792,71d26a9fe63ee84bee11,False,True,S11_LATENT16,789
RUN_S11_LATENT16_SEED789,7,828,0.7900345325469971,0.8888388872146606,0.3816244304180145,0.7687212228775024,-0.0277256683374942,6,1.100806474685669,,False,False,S11_LATENT16,789
RUN_S11_LATENT16_SEED789,8,842,0.6405529975891113,0.8003455400466919,0.3202764987945556,0.6140552759170532,-0.043152013688809,6,0.899193525314331,,False,False,S11_LATENT16,789
RUN_S11_LATENT16_SEED789,9,856,0.656682014465332,0.8103591799736023,0.3479262590408325,0.627592146396637,-0.0463515489091386,6,1.044354796409607,,False,False,S11_LATENT16,789
RUN_S11_LATENT16_SEED789,10,870,0.6569700241088867,0.8105368614196777,0.3130760490894317,0.6221198439598083,-0.056018435173609,13,1.2177419662475586,,False,False,S11_LATENT16,789
RUN_S11_LATENT16_SEED789,11,884,1.0976382493972778,1.047682285308838,0.432891696691513,1.0645161867141724,-0.0311146632587551,13,1.8669354915618896,,False,False,S11_LATENT16,789
RUN_S11_LATENT16_SEED789,12,898,1.4072580337524414,1.186279058456421,0.5218893885612488,1.2995392084121704,-0.0828900156632335,11,2.4556450843811035,,False,False,S11_LATENT16,789
RUN_S11_LATENT16_SEED789,13,912,1.015552997589111,1.0077464580535889,0.463709682226181,0.9205068945884703,-0.1032540913700956,13,1.875,20323e71a2e313d2976f,False,True,S11_LATENT16,789
RUN_S11_LATENT16_SEED789,14,926,1.1117511987686155,1.054396152496338,0.4625576138496399,1.0440667867660522,-0.0648276651077204,11,1.834677457809448,,False,False,S11_LATENT16,789
RUN_S11_LATENT16_SEED789,15,940,0.9697580933570862,0.984762966632843,0.4202188849449157,0.9026497602462769,-0.0743459269213118,13,1.4677419662475586,,False,False,S11_LATENT16,789
RUN_S11_LATENT16_SEED789,16,954,0.6656106114387512,0.8158496022224426,0.3424539268016815,0.5169931054115295,-0.2874651605052281,12,1.205645203590393,,False,False,S11_LATENT16,789
RUN_S11_LATENT16_SEED789,17,968,1.0207372903823853,1.0103154182434082,0.4487327337265014,0.9593893885612488,-0.0639447366758318,10,1.5524193048477173,,False,False,S11_LATENT16,789
RUN_S11_LATENT16_SEED789,18,982,0.718317985534668,0.8475364446640015,0.3243087530136108,0.586693525314331,-0.2243496042500501,13,1.3225806951522827,,False,False,S11_LATENT16,789
RUN_S11_LATENT16_SEED789,19,996,1.1051267385482788,1.0512501001358032,0.4628456234931946,0.9579492807388306,-0.1536380482439903,12,1.9475806951522827,,False,False,S11_LATENT16,789
RUN_S11_LATENT16_SEED789,20,1010,1.0705645084381104,1.0346808433532717,0.4115783274173736,1.0365782976150513,-0.0327869210664106,13,2.338709592819214,40ad688a007586031541,False,True,S11_LATENT16,789
RUN_S11_LATENT16_SEED789,21,1024,0.6972926259040833,0.8350405097007751,0.3522465527057647,0.6952764987945557,-0.0028997486798749,12,0.975806474685669,,False,False,S11_LATENT16,789
RUN_S11_LATENT16_SEED789,22,1038,0.932603657245636,0.9657140374183656,0.3888248801231384,0.8280529975891113,-0.1262608310831861,13,1.9838709831237793,,False,False,S11_LATENT16,789
RUN_S11_LATENT16_SEED789,23,1052,0.8297811150550842,0.9109232425689696,0.3798963129520416,0.713421642780304,-0.1631005639544536,12,1.7580645084381104,,False,False,S11_LATENT16,789
RUN_S11_LATENT16_SEED789,24,1066,0.6460253596305847,0.8037570118904114,0.3487903177738189,0.6261520981788635,-0.0317387125420831,12,1.1411290168762207,,False,False,S11_LATENT16,789
RUN_S11_LATENT16_SEED789,25,1080,1.0961982011795044,1.0469948053359983,0.4354838728904724,1.0538594722747805,-0.0401749284592327,8,1.5846774578094482,,False,False,S11_LATENT16,789
RUN_S11_LATENT16_SEED789,26,1094,0.9619815945625304,0.9808065891265868,0.4147465527057647,0.9202188849449158,-0.0453834520252371,12,1.5080645084381104,,False,False,S11_LATENT16,789
RUN_S11_LATENT16_SEED789,27,1108,0.901497721672058,0.9494723677635192,0.3894009292125702,0.89573734998703,-0.0064308713766501,13,1.5887097120285034,b4a7ceae51f6653b6760,False,True,S11_LATENT16,789
RUN_S11_LATENT16_SEED789,28,1122,1.2019009590148926,1.096312403678894,0.5100806355476379,1.1837557554244995,-0.015328502951089,12,2.048387050628662,,False,False,S11_LATENT16,789
RUN_S11_LATENT16_SEED789,29,1136,0.8505184054374695,0.9222355484962464,0.3885368704795837,0.8559907674789429,0.0063930152629922,10,1.229838728904724,,False,False,S11_LATENT16,789
RUN_S11_LATENT16_SEED789,30,1150,0.8148041367530823,0.9026650190353394,0.4207949340343475,0.8061636090278625,-0.0107180820722472,5,1.2620967626571655,,False,False,S11_LATENT16,789
RUN_S11_LATENT16_SEED789,31,1164,0.986751139163971,0.9933534860610962,0.4210829436779022,0.9720622301101683,-0.0151110788988662,11,1.7782257795333862,,False,False,S11_LATENT16,789
RUN_S11_LATENT16_SEED789,32,1178,0.9959677457809448,0.99798184633255,0.4619815647602081,0.9778226017951964,-0.0185566829325027,8,1.544354796409607,,False,False,S11_LATENT16,789
RUN_S11_LATENT16_SEED789,33,1192,0.6114631295204163,0.7819610834121704,0.3343893885612488,0.6163594722747803,0.0079439725916651,12,0.9435483813285828,,False,False,S11_LATENT16,789
RUN_S11_LATENT16_SEED789,34,1206,0.5864055156707764,0.765771210193634,0.3496543765068054,0.5682603716850281,-0.0319310388157871,13,0.875,ed827fc56e8eb1dd8e42,False,True,S11_LATENT16,789
RUN_S11_LATENT16_SEED789,35,1220,0.684907853603363,0.827591598033905,0.3490783274173736,0.6961405277252197,0.0161356416908547,12,1.076612949371338,,False,False,S11_LATENT16,789
RUN_S11_LATENT16_SEED789,36,1234,0.7779377698898315,0.8820077776908875,0.4161866307258606,0.7353110313415527,-0.0579710309398018,12,1.0846774578094482,,False,False,S11_LATENT16,789
RUN_S11_LATENT16_SEED789,37,1248,0.6834677457809448,0.8267210721969604,0.3539746403694153,0.6961405277252197,0.0182043444384509,13,1.0967742204666138,,False,False,S11_LATENT16,789
RUN_S11_LATENT16_SEED789,38,1262,0.7900345325469971,0.8888388872146606,0.3845046162605285,0.7727534770965576,-0.022362960455861,11,1.5322580337524414,,False,False,S11_LATENT16,789
RUN_S11_LATENT16_SEED789,39,1276,1.082661271095276,1.0405100584030151,0.4519009292125702,1.0512672662734983,-0.0298630099394818,5,1.5524193048477173,,False,False,S11_LATENT16,789
RUN_S11_LATENT16_SEED789,40,1290,0.9403801560401917,0.9697319865226746,0.3896889388561249,0.9205068945884703,-0.0215894759382611,13,1.875,,False,False,S11_LATENT16,789
RUN_S11_LATENT16_SEED789,41,1304,0.7307027578353882,0.8548115491867065,0.3793202638626098,0.7151497602462769,-0.0217478889788838,13,1.020161271095276,c4c999125061ad6cd8f3,False,True,S11_LATENT16,789
RUN_S11_LATENT16_SEED789,42,1318,0.9452764987945556,0.9722533226013184,0.3899769484996795,0.8643433451652527,-0.0936354217129182,10,1.9314515590667725,,False,False,S11_LATENT16,789
RUN_S11_LATENT16_SEED789,43,1332,0.8804723620414734,0.9383348822593688,0.387960821390152,0.8044354915618896,-0.0945220235521318,13,1.4354838132858276,,False,False,S11_LATENT16,789
RUN_S11_LATENT16_SEED789,44,1346,1.1059907674789429,1.0516610145568848,0.4729262590408325,0.930875599384308,-0.1881187649675835,13,1.9032257795333865,,False,False,S11_LATENT16,789
RUN_S11_LATENT16_SEED789,45,1360,0.888248860836029,0.9424695372581482,0.417050689458847,0.8292050957679749,-0.071205260760452,12,1.4879032373428345,,False,False,S11_LATENT16,789
RUN_S11_LATENT16_SEED789,46,1374,1.076036810874939,1.037321925163269,0.4429723620414734,1.0630760192871094,-0.012191782480919,12,1.7177419662475586,,False,False,S11_LATENT16,789
RUN_S11_LATENT16_SEED789,47,1388,1.0020161867141724,1.0010075569152832,0.4265553057193756,1.0195852518081665,0.0172315802556348,9,1.419354796409607,,False,False,S11_LATENT16,789
RUN_S11_LATENT16_SEED789,48,1402,0.7076612710952759,0.8412260413169861,0.3747119903564453,0.6944124698638916,-0.0190791522421553,5,0.9395161271095276,083a4af5529dd0362655,False,True,S11_LATENT16,789
RUN_S11_LATENT16_SEED789,49,1416,0.7799538969993591,0.8831499814987183,0.3934331834316253,0.7701612710952759,-0.0127150329049352,12,1.330645203590393,,False,False,S11_LATENT16,789
RUN_S11_LATENT16_SEED789,50,1430,0.859158992767334,0.926908314228058,0.3925691246986389,0.850806474685669,-0.0098171773842588,10,1.1532257795333862,,False,False,S11_LATENT16,789
RUN_S11_LATENT16_SEED789,51,1444,1.0077764987945557,1.003880739212036,0.3925691246986389,0.9953917264938354,-0.012442108941717,12,1.4879032373428345,,False,False,S11_LATENT16,789
RUN_S11_LATENT16_SEED1024,0,730,0.7773617506027222,0.8816812038421631,0.3389976918697357,0.7736175060272217,-0.0048399170731392,5,1.1975806951522827,03a1cf038c80acd3984c,False,True,S11_LATENT16,1024
RUN_S11_LATENT16_SEED1024,1,744,0.440380185842514,0.6636114716529846,0.2595046162605285,0.4225230515003204,-0.0422631008622733,13,0.5766128897666931,,False,False,S11_LATENT16,1024
RUN_S11_LATENT16_SEED1024,2,758,1.615783452987671,1.2711347341537476,0.3559907972812652,1.419930934906006,-0.137931017112906,13,2.588709592819214,,False,False,S11_LATENT16,1024
RUN_S11_LATENT16_SEED1024,3,772,0.8559907674789429,0.9251977205276488,0.3686636090278625,0.8024193644523621,-0.0667623507106442,11,1.5322580337524414,,False,False,S11_LATENT16,1024
RUN_S11_LATENT16_SEED1024,4,786,1.161002278327942,1.077498197555542,0.4225230515003204,1.02102530002594,-0.137094524786453,11,1.625,,False,False,S11_LATENT16,1024
RUN_S11_LATENT16_SEED1024,5,800,2.752016067504883,1.658920168876648,0.7934907674789429,0.6097350120544434,-3.513462427280057,13,6.298387050628662,,False,False,S11_LATENT16,1024
RUN_S11_LATENT16_SEED1024,6,814,0.7381912469863892,0.8591805696487427,0.3701036870479584,0.6411290168762207,-0.1513926644329495,13,1.2661290168762207,a35025b041fe510d2cd6,False,True,S11_LATENT16,1024
RUN_S11_LATENT16_SEED1024,7,828,0.8942972421646118,0.9456729292869568,0.4121543765068054,0.7687212228775024,-0.1633570344487811,12,1.3387097120285034,,False,False,S11_LATENT16,1024
RUN_S11_LATENT16_SEED1024,8,842,0.8315092325210571,0.9118712544441224,0.3424539268016815,0.6140552759170532,-0.3541276577735612,12,1.4153225421905518,,False,False,S11_LATENT16,1024
RUN_S11_LATENT16_SEED1024,9,856,0.7854262590408325,0.8862427473068237,0.3775921761989593,0.627592146396637,-0.25149153562614,8,1.1814515590667725,,False,False,S11_LATENT16,1024
RUN_S11_LATENT16_SEED1024,10,870,0.9539170265197754,0.9766867756843568,0.3577188849449157,0.6221198439598083,-0.5333332247498643,13,2.209677457809448,,False,False,S11_LATENT16,1024
RUN_S11_LATENT16_SEED1024,11,884,1.12067973613739,1.0586216449737549,0.4242511391639709,1.0645161867141724,-0.0527596950841837,13,2.012096881866455,2c61f0f4690db3cb4e2c,False,True,S11_LATENT16,1024
RUN_S11_LATENT16_SEED1024,12,898,1.3269009590148926,1.1519118547439575,0.4985599219799042,1.2995392084121704,-0.021054963502143,13,2.286290407180786,,False,False,S11_LATENT16,1024
RUN_S11_LATENT16_SEED1024,13,912,1.000864028930664,1.0004318952560425,0.4628456234931946,0.9205068945884703,-0.0872966132188708,13,1.8790322542190552,,False,False,S11_LATENT16,1024
RUN_S11_LATENT16_SEED1024,14,926,1.1005184650421145,1.0490559339523315,0.4593893885612488,1.0440667867660522,-0.0540690298662966,11,1.798387050628662,,False,False,S11_LATENT16,1024
RUN_S11_LATENT16_SEED1024,15,940,0.9760944843292236,0.9879749417304992,0.4225230515003204,0.9026497602462769,-0.0813656938909597,13,1.455645203590393,,False,False,S11_LATENT16,1024
RUN_S11_LATENT16_SEED1024,16,954,0.633352518081665,0.795834481716156,0.3361175060272217,0.5169931054115295,-0.2250695636985578,13,1.1330645084381104,,False,False,S11_LATENT16,1024
RUN_S11_LATENT16_SEED1024,17,968,1.0005760192871094,1.000288009643555,0.4441244304180145,0.9593893885612488,-0.042930046149068,10,1.524193525314331,,False,False,S11_LATENT16,1024
RUN_S11_LATENT16_SEED1024,18,982,0.6794354915618896,0.8242787718772888,0.3119239509105682,0.586693525314331,-0.1580756600268777,13,1.3870967626571655,8e7e46dcb0588bf7e23a,False,True,S11_LATENT16,1024
RUN_S11_LATENT16_SEED1024,19,996,1.0072004795074463,1.0035938024520874,0.4426843225955963,0.9579492807388306,-0.0514131590877442,13,1.9032257795333865,,False,False,S11_LATENT16,1024
RUN_S11_LATENT16_SEED1024,20,1010,1.0619239807128906,1.0304969549179075,0.4144585132598877,1.0365782976150513,-0.0244512963045382,13,2.387096881866455,,False,False,S11_LATENT16,1024
RUN_S11_LATENT16_SEED1024,21,1024,0.7471198439598083,0.8643609285354614,0.3784562349319458,0.6952764987945557,-0.0745650762756064,12,1.1169354915618896,,False,False,S11_LATENT16,1024
RUN_S11_LATENT16_SEED1024,22,1038,0.8836405277252197,0.9400215744972228,0.385368674993515,0.8280529975891113,-0.0671304014331839,13,1.8467742204666135,,False,False,S11_LATENT16,1024
RUN_S11_LATENT16_SEED1024,23,1052,0.774193525314331,0.8798826932907104,0.3796083033084869,0.713421642780304,-0.085183682257228,12,1.5846774578094482,,False,False,S11_LATENT16,1024
RUN_S11_LATENT16_SEED1024,24,1066,0.6658986210823059,0.8160260915756226,0.3605990707874298,0.6261520981788635,-0.0634774250841663,12,1.2338709831237793,,False,False,S11_LATENT16,1024
RUN_S11_LATENT16_SEED1024,25,1080,1.044354796409607,1.0219367742538452,0.4164746403694153,1.0538594722747805,0.0090189215120468,8,1.520161271095276,54ed0f300d58a6f2e8d2,False,True,S11_LATENT16,1024
RUN_S11_LATENT16_SEED1024,26,1094,0.9642857313156128,0.9819805026054382,0.4032258093357086,0.9202188849449158,-0.0478873527718732,12,1.5685484409332275,,False,False,S11_LATENT16,1024
RUN_S11_LATENT16_SEED1024,27,1108,0.9127303957939148,0.955369234085083,0.3891128897666931,0.89573734998703,-0.018971013999953,13,1.6209677457809448,,False,False,S11_LATENT16,1024
RUN_S11_LATENT16_SEED1024,28,1122,1.1935484409332275,1.092496395111084,0.5051843523979187,1.1837557554244995,-0.0082725557733118,12,2.1209676265716553,,False,False,S11_LATENT16,1024
RUN_S11_LATENT16_SEED1024,29,1136,0.8525345325469971,0.9233279824256896,0.3888248801231384,0.8559907674789429,0.0040377011800315,10,1.2459677457809448,,False,False,S11_LATENT16,1024
RUN_S11_LATENT16_SEED1024,30,1150,0.8228686451911926,0.9071210622787476,0.4230990707874298,0.8061636090278625,-0.0207216450559886,5,1.2903225421905518,,False,False,S11_LATENT16,1024
RUN_S11_LATENT16_SEED1024,31,1164,0.9694700241088868,0.9846166968345642,0.4199308753013611,0.9720622301101683,0.002666707872178,12,1.7459677457809448,,False,False,S11_LATENT16,1024
RUN_S11_LATENT16_SEED1024,32,1178,1.0311059951782229,1.01543390750885,0.4683179855346679,0.9778226017951964,-0.0544918815388419,8,1.6532257795333862,e9e4ff1606cba292b709,False,True,S11_LATENT16,1024
RUN_S11_LATENT16_SEED1024,33,1192,0.7070852518081665,0.8408836126327515,0.3539746403694153,0.6163594722747803,-0.1471962119743972,10,1.1169354915618896,,False,False,S11_LATENT16,1024
RUN_S11_LATENT16_SEED1024,34,1206,0.711693525314331,0.8436192870140076,0.3885368704795837,0.5682603716850281,-0.252407454005616,13,1.1129032373428345,,False,False,S11_LATENT16,1024
RUN_S11_LATENT16_SEED1024,35,1220,0.7739055156707764,0.8797190189361572,0.3764400780200958,0.6961405277252197,-0.1117087496682163,13,1.2782257795333862,,False,False,S11_LATENT16,1024
RUN_S11_LATENT16_SEED1024,36,1234,0.8292050957679749,0.9106069803237916,0.430011510848999,0.7353110313415527,-0.1276929903460244,12,1.1370967626571655,,False,False,S11_LATENT16,1024
RUN_S11_LATENT16_SEED1024,37,1248,0.7589285969734192,0.8711650967597961,0.3862327337265014,0.6961405277252197,-0.0901945322065533,12,1.3064515590667725,,False,False,S11_LATENT16,1024
RUN_S11_LATENT16_SEED1024,38,1262,0.8533986210823059,0.923795759677887,0.3971774280071258,0.7727534770965576,-0.1043607649476439,11,1.6572580337524414,,False,False,S11_LATENT16,1024
RUN_S11_LATENT16_SEED1024,39,1276,1.0769009590148926,1.0377384424209597,0.4472926259040832,1.0512672662734983,-0.0243836116311884,5,1.5524193048477173,98db5553c8f42bd431af,False,True,S11_LATENT16,1024
RUN_S11_LATENT16_SEED1024,40,1290,0.8919931054115295,0.9444538950920104,0.3775921761989593,0.9205068945884703,0.0309761820846421,13,1.6814515590667725,,False,False,S11_LATENT16,1024
RUN_S11_LATENT16_SEED1024,41,1304,0.736751139163971,0.8583421111106873,0.385368674993515,0.7151497602462769,-0.0302053920989293,13,1.0120967626571655,,False,False,S11_LATENT16,1024
RUN_S11_LATENT16_SEED1024,42,1318,0.8994815945625305,0.9484100341796876,0.3850806355476379,0.8643433451652527,-0.0406531149847169,10,1.7379032373428345,,False,False,S11_LATENT16,1024
RUN_S11_LATENT16_SEED1024,43,1332,0.8456221222877502,0.9195771217346193,0.3807603716850281,0.8044354915618896,-0.0511994201621968,11,1.25,,False,False,S11_LATENT16,1024
RUN_S11_LATENT16_SEED1024,44,1346,1.0057603120803833,1.002876043319702,0.4498848021030426,0.930875599384308,-0.0804454566706927,13,1.5927419662475586,,False,False,S11_LATENT16,1024
RUN_S11_LATENT16_SEED1024,45,1360,0.8845046162605286,0.9404810667037964,0.4121543765068054,0.8292050957679749,-0.0666897981871874,12,1.4274193048477173,,False,False,S11_LATENT16,1024
RUN_S11_LATENT16_SEED1024,46,1374,1.0671082735061646,1.0330092906951904,0.4277073740959167,1.0630760192871094,-0.0037930064698092,12,1.576612949371338,29e8aff2d94f5d0eb81c,False,True,S11_LATENT16,1024
RUN_S11_LATENT16_SEED1024,47,1388,1.0063364505767822,1.00316321849823,0.421658992767334,1.0195852518081665,0.0129943045055707,11,1.4153225421905518,,False,False,S11_LATENT16,1024
RUN_S11_LATENT16_SEED1024,48,1402,0.7764977216720581,0.881191074848175,0.3922811150550842,0.6944124698638916,-0.1182082053109669,10,1.076612949371338,,False,False,S11_LATENT16,1024
RUN_S11_LATENT16_SEED1024,49,1416,0.8271889686584473,0.9094992876052856,0.4101382493972778,0.7701612710952759,-0.0740464363808766,13,1.5,,False,False,S11_LATENT16,1024
RUN_S11_LATENT16_SEED1024,50,1430,0.8637672662734985,0.929390788078308,0.3977534472942352,0.850806474685669,-0.0152335366190272,10,1.104838728904724,,False,False,S11_LATENT16,1024
RUN_S11_LATENT16_SEED1024,51,1444,1.0178571939468384,1.008889079093933,0.4014976918697357,0.9953917264938354,-0.0225694737609838,13,1.5685484409332275,,False,False,S11_LATENT16,1024
